2,0.92185,0.94665,1
3,0.2299,0.31595,3
1,0.3757,0.39325,1
5,0.83655,0.872,1
6,0.8261,0.7485,1
8,0.89855,0.8173,3
4,0.44405,0.42295,1
7,0.9986,0.9987,2
9,0.01425,0.0151,1
10,0.91065,0.8629,2
11,0.459,0.47175,3
13,0.72145,0.7423,1
15,0.2424,0.27855,1
12,0.78635,0.7467,1
14,0.9929,0.99215,1
16,0.94815,0.8532,1
17,0.3036,0.2176,1
18,0.0997,0.0469,3
21,0.76685,0.73525,3
22,0.81925,0.6103,1
19,0.0665,0.12005,1
24,0.2068,0.2167,1
20,0.79685,0.91085,3
25,0.7455,0.79055,1
26,0.50335,0.6885,1
29,0.0367,0.00695,1
27,0.39535,0.36955,2
28,0.8659,0.88905,2
30,0.8527,0.80495,1
31,0.22165,0.2486,3
32,0.60515,0.6044,1
35,0.36075,0.21785,1
36,0.6045,0.67915,1
33,0.06165,0.0441,3
34,0.86375,0.8675,1
37,0.90555,0.9029,1
38,0.27395,0.2548,1
39,0.53355,0.60465,3
42,0.106,0.12345,2
40,0.48945,0.50745,1
45,0.98365,0.91575,2
43,0.45125,0.5737,1
44,0.15635,0.13085,2
41,0.2712,0.46965,1
46,0.956,0.86885,2
47,0.64995,0.67595,3
48,0.83175,0.8436,1
49,0.1968,0.16375,1
51,0.4062,0.40385,2
50,0.7517,0.62195,1
52,0.1445,0.15,1
53,0.17175,0.13665,2
54,0.78895,0.80115,3
55,0.5373,0.5269,1
56,0.85645,0.9261,1
23,0.67985,0.672,3
57,0.2665,0.4728,2
59,0.3353,0.2875,1
58,0.11625,0.10935,1
61,0.0403,0.04245,1
60,0.3268,0.327,3
62,0.51465,0.69175,3
64,0.7358,0.6637,2
63,0.2351,0.1454,1
67,0.1497,0.1169,2
65,0.78505,0.5841,2
66,0.96735,0.94695,2
68,0.3955,0.2991,2
69,0.16595,0.259,2
70,0.0982,0.0822,1
71,0.92065,0.84485,2
72,0.7363,0.7911,2
74,0.2622,0.2173,2
73,0.807,0.75725,2
75,0.7533,0.71165,3
76,0.0998,0.0951,1
78,0.98095,0.97875,3
77,0.3852,0.50555,1
79,0.1672,0.3039,2
80,0.9539,0.93525,2
81,0.4324,0.3182,1
83,0.5287,0.55735,1
82,0.00105,0.0012,1
84,0.42285,0.4177,1
86,0.71545,0.6507,3
85,0.66805,0.50795,3
87,0.44495,0.2374,3
89,0.45215,0.34575,1
88,0.70245,0.65155,1
92,0.8187,0.8109,1
91,0.781,0.8553,1
90,0.7814,0.82975,2
93,0.49975,0.4557,1
94,0.19555,0.14745,3
95,0.9787,0.9857,1
97,0.5313,0.48785,2
96,0.8943,0.90785,1
98,0.83795,0.779,2
99,0.2054,0.3043,2
100,0.2064,0.10585,3
101,0.1133,0.15605,3
102,0.20405,0.20455,1
103,0.5653,0.6486,3
104,0.07565,0.0199,3
105,0.423,0.3345,3
106,0.4303,0.45,1
107,0.12635,0.16825,2
109,0.76045,0.82615,1
108,0.6573,0.4481,2
110,0.0919,0.1248,3
111,0.9438,0.90695,1
112,0.532,0.7452,2
114,0.7707,0.7758,1
113,0.5366,0.57455,2
115,0.3378,0.28865,3
116,0.2997,0.26015,1
118,0.85625,0.79905,3
117,0.9684,0.97705,1
120,0.23425,0.16765,2
119,0.3439,0.302,1
123,0.7891,0.80105,2
121,0.2663,0.26275,1
122,0.38625,0.54995,3
124,0.47435,0.49055,2
125,0.789,0.6784,3
128,0.4707,0.7505,1
127,0.7219,0.5258,1
126,0.0132,0.01665,3
129,0.7337,0.68185,2
130,0.41115,0.1858,1
131,0.4392,0.5581,3
132,0.5145,0.50785,3
133,0.4444,0.4496,2
134,0.1224,0.10715,3
135,0.74155,0.8544,1
136,0.5357,0.5624,2
137,0.671,0.79165,2
138,0.11535,0.0983,1
140,0.2041,0.17605,1
139,0.32735,0.4119,3
141,0.0905,0.1545,1
142,0.3113,0.30855,3
143,0.2468,0.28595,3
144,0.35315,0.37165,3
145,0.19535,0.20775,2
146,0.729,0.68105,3
147,0.00165,0.0025,1
148,0.3489,0.41495,1
149,0.08545,0.09335,2
151,0.3085,0.2584,2
150,0.9577,0.98355,2
153,0.22305,0.2258,1
152,0.6915,0.7561,2
154,0.2328,0.2821,1
156,0.27725,0.14155,2
155,0.88425,0.8786,2
158,0.8451,0.7938,2
160,0.18105,0.3882,1
159,0.0809,0.2136,1
157,0.5559,0.46835,1
161,0.85035,0.898,2
162,0.36855,0.3494,1
163,0.2577,0.22265,1
164,0.16435,0.1417,1
165,0.4155,0.25755,2
166,0.28445,0.307,2
167,0.83265,0.8009,1
168,0.0144,0.02335,1
169,0.39965,0.5397,1
170,0.67065,0.41455,1
171,0.2733,0.33225,1
172,0.50475,0.53045,1
173,0.29155,0.27175,2
174,0.0686,0.07055,3
175,0.3567,0.4271,1
176,0.0135,0.00705,1
178,0.1428,0.04985,2
177,0.17125,0.4363,1
179,0.95325,0.94325,3
181,0.46305,0.37145,2
180,0.09485,0.0929,2
182,0.13625,0.28805,1
183,0.5541,0.5945,1
184,0.61325,0.5812,2
185,0.6427,0.3221,3
186,0.9668,0.9677,1
187,0.7706,0.8179,3
189,0.57935,0.72135,1
188,0.08275,0.1055,1
190,0.13545,0.1058,2
191,0.4632,0.4037,1
192,0.73775,0.7052,3
193,0.51495,0.58215,2
194,0.58005,0.49975,3
195,0.8596,0.8631,3
196,0.33705,0.15825,3
197,0.693,0.70755,1
199,0.2169,0.13905,1
198,0.01245,0.0183,1
200,0.7719,0.68815,1
201,0.13895,0.1534,2
202,0.8925,0.9833,1
203,0.18305,0.21955,1
205,0.50395,0.77705,1
204,0.67265,0.5751,1
208,0.69715,0.7362,1
206,0.5152,0.67265,3
207,0.59125,0.62795,3
209,0.98875,0.98985,2
211,0.3284,0.1927,2
212,0.9696,0.935,2
210,0.009,0.0161,3
213,0.89575,0.91385,3
215,0.30805,0.32415,1
214,0.55395,0.5161,1
216,0.79615,0.77365,1
217,0.15275,0.1486,3
219,0.061,0.0664,2
218,0.236,0.22935,3
220,0.2454,0.2531,3
221,0.70675,0.73415,1
222,0.60365,0.3942,3
224,0.14495,0.10855,1
223,0.05215,0.0679,1
226,0.1602,0.1788,3
225,0.10305,0.06485,1
227,0.3664,0.39435,1
228,0.672,0.6305,1
229,0.39325,0.43995,3
230,0.4713,0.136,2
231,0.18135,0.1868,3
233,0.91055,0.9299,3
232,0.01975,0.04155,2
236,0.62905,0.48165,2
235,0.43645,0.4741,1
234,0.30595,0.2589,1
237,0.82745,0.9441,2
238,0.7358,0.87185,1
239,0.39485,0.44665,1
241,0.5343,0.3172,1
243,0.97235,0.9719,2
240,0.11115,0.0851,1
242,0.13665,0.18265,2
244,0.4655,0.43505,3
245,0.81145,0.8084,1
246,0.5458,0.43935,1
248,0.71055,0.614,1
249,0.0738,0.0397,2
247,0.971,0.96215,1
251,0.61295,0.62735,1
250,0.9003,0.89455,3
252,0.58035,0.82745,1
253,0.0891,0.0992,2
254,0.52545,0.3764,2
256,0.5612,0.6196,2
257,0.1473,0.1452,1
255,0.97475,0.95345,1
259,0.18555,0.11405,3
258,0.4771,0.5346,1
260,0.02005,0.018,1
261,0.41035,0.46725,2
262,0.1043,0.14415,2
265,0.32125,0.50325,2
263,0.03255,0.0253,1
266,0.4713,0.4634,1
264,0.1572,0.11665,1
267,0.0442,0.03025,3
268,0.3561,0.20465,3
269,0.8822,0.79775,3
271,0.71325,0.65645,1
270,0.5794,0.4025,2
273,0.663,0.84005,2
272,0.00745,0.00165,3
274,0.28465,0.4786,1
276,0.3802,0.3452,1
275,0.0462,0.0363,1
277,0.0727,0.067,1
278,0.7652,0.76835,1
279,0.26335,0.19295,1
280,0.39795,0.40305,2
281,0.12465,0.09395,3
282,0.4705,0.49885,1
283,0.5771,0.66875,1
284,0.4345,0.58325,3
285,0.06715,0.07265,3
286,0.2966,0.2186,1
287,0.0024,0.0015,1
289,0.27575,0.2172,2
288,0.4184,0.51845,1
290,0.4544,0.49435,2
291,0.19755,0.3032,1
292,0.54345,0.3537,1
293,0.9332,0.94495,1
295,0.0044,0.008,1
294,0.43565,0.397,3
297,0.8676,0.9175,1
296,0.37435,0.4082,1
298,0.09345,0.11405,3
299,0.4709,0.31795,1
300,0.67655,0.67875,3
302,0.117,0.10915,2
301,0.2963,0.3829,1
305,0.7829,0.93875,1
303,0.56825,0.6949,2
304,0.486,0.5787,1
307,0.4968,0.63365,1
306,0.04475,0.05845,2
308,0.1885,0.2059,1
309,0.4112,0.5297,3
312,0.1188,0.2951,2
311,0.5796,0.5656,3
313,0.73375,0.7907,1
310,0.30905,0.2904,1
315,0.9039,0.94475,2
314,0.17915,0.3813,2
316,0.92355,0.90555,3
317,0.7451,0.78335,3
319,0.2884,0.2491,1
318,0.1834,0.2677,2
320,0.6361,0.67795,1
321,0.8312,0.77435,3
322,0.10645,0.14385,1
323,0.255,0.2641,2
324,0.24105,0.4837,1
325,0.27155,0.09845,1
326,0.8309,0.71455,1
327,0.18065,0.1865,1
329,0.7259,0.8538,2
328,0.2911,0.2193,2
330,0.663,0.6107,1
331,0.9726,0.97025,1
333,0.61055,0.7386,2
332,0.15025,0.237,1
334,0.19175,0.1807,1
338,0.1755,0.28125,2
335,0.05295,0.04225,3
336,0.8909,0.8105,1
337,0.4994,0.4621,3
339,0.74905,0.84755,3
340,0.9816,0.9751,1
341,0.3885,0.4288,3
343,0.5796,0.48495,1
342,0.08685,0.29725,1
344,0.7295,0.75095,1
346,0.24325,0.23775,3
345,0.98195,0.9604,1
348,0.43025,0.26185,3
347,0.5854,0.4743,1
349,0.2154,0.09795,3
350,0.44735,0.33835,1
351,0.56525,0.5158,1
352,0.5927,0.6619,3
356,0.79595,0.6244,1
353,0.9747,0.9884,2
354,0.9385,0.9189,1
355,0.79945,0.71,3
357,0.5347,0.5014,1
358,0.9412,0.97215,1
359,0.56545,0.672,1
361,0.12795,0.1214,2
360,0.7022,0.8073,2
362,0.86535,0.8754,3
364,0.617,0.54845,1
363,0.91085,0.89285,2
367,0.4362,0.70795,2
365,0.1459,0.2579,1
366,0.08685,0.0075,3
368,0.9627,0.89195,1
370,0.1716,0.17115,1
371,0.3381,0.37235,1
372,0.8876,0.84245,1
373,0.1072,0.08705,3
374,0.5005,0.3568,2
376,0.8491,0.84985,3
375,0.48575,0.37175,3
377,0.3243,0.2598,2
378,0.8088,0.78925,2
379,0.5407,0.5808,1
380,0.8379,0.85165,2
381,0.55965,0.49265,1
383,0.4172,0.3385,3
382,0.46115,0.531,1
385,0.2614,0.2915,1
384,0.1037,0.13455,1
386,0.36465,0.31015,1
387,0.8471,0.8863,1
388,0.6277,0.44565,3
389,0.3032,0.4172,2
390,0.39795,0.47455,1
391,0.31555,0.30565,3
392,0.413,0.4577,1
393,0.7198,0.88645,2
394,0.33155,0.4912,1
395,0.17655,0.1593,3
396,0.35315,0.33165,2
397,0.3231,0.36315,1
399,0.6877,0.59855,2
398,0.05865,0.03365,1
400,0.59375,0.6511,3
402,0.0502,0.06865,3
403,0.9025,0.91685,1
401,0.03785,0.03265,1
369,0.38605,0.37855,1
406,0.01515,0.02275,1
407,0.94065,0.95155,1
405,0.18175,0.2033,1
404,0.69825,0.77225,3
408,0.0793,0.0547,1
409,0.2553,0.1896,1
410,0.44415,0.50535,1
411,0.93095,0.9109,2
414,0.84085,0.8796,2
413,0.097,0.06375,3
412,0.97465,0.98035,2
415,0.8672,0.83265,1
416,0.1283,0.17145,3
418,0.14635,0.298,1
417,0.1469,0.0737,1
419,0.51275,0.44335,1
420,0.15915,0.13595,3
421,0.20945,0.1735,1
422,0.562,0.4447,1
423,0.56615,0.4234,1
424,0.62185,0.73305,2
426,0.53175,0.4893,1
425,0.48365,0.58315,3
428,0.11275,0.03965,1
427,0.2696,0.28125,3
430,0.47375,0.5728,3
429,0.47375,0.52615,1
432,0.13415,0.1862,2
431,0.0274,0.03685,1
433,0.73945,0.7772,1
435,0.31585,0.39965,1
434,0.96715,0.983,1
436,0.122,0.1187,1
438,0.45795,0.4,1
437,0.69005,0.68,3
439,0.4579,0.4402,1
440,0.1357,0.21105,3
441,0.47875,0.10915,2
442,0.01515,0.01315,1
443,0.2027,0.2766,1
446,0.0731,0.12465,2
445,0.42675,0.479,3
444,0.54965,0.7106,3
447,0.09725,0.14565,3
448,0.91985,0.87285,1
449,0.1073,0.07115,2
451,0.842,0.8644,1
452,0.8893,0.7734,2
450,0.39685,0.3809,1
453,0.3757,0.18635,2
454,0.03115,0.039,1
456,0.67185,0.44695,1
455,0.35915,0.32635,3
457,0.27005,0.31855,1
459,0.05425,0.0549,3
460,0.518,0.5222,1
458,0.58225,0.6027,3
461,0.97735,0.97385,1
462,0.6637,0.60235,1
464,0.5992,0.5098,2
463,0.35755,0.35605,1
465,0.31425,0.3227,1
466,0.715,0.8354,1
467,0.0721,0.0636,3
468,0.0254,0.0126,1
470,0.36325,0.3822,1
472,0.4584,0.6847,3
471,0.2164,0.25355,3
469,0.3413,0.26555,1
474,0.85245,0.7269,1
475,0.4287,0.5228,3
473,0.6172,0.5097,2
476,0.5395,0.321,3
477,0.05465,0.0893,3
479,0.80745,0.80645,2
478,0.1367,0.0867,1
480,0.187,0.26725,3
482,0.94515,0.9472,1
481,0.5632,0.6322,1
483,0.987,0.9866,3
484,0.3701,0.24375,1
486,0.0092,0.01755,2
488,0.15175,0.1971,1
490,0.1563,0.19375,1
487,0.0226,0.0243,1
489,0.6739,0.75615,2
492,0.5703,0.5673,1
491,0.51275,0.4697,1
493,0.06735,0.04095,2
485,0.0985,0.07435,3
494,0.2498,0.32175,1
496,0.7102,0.7603,3
497,0.4743,0.3919,3
495,0.08395,0.1197,1
499,0.41595,0.4401,2
498,0.5962,0.51545,2
500,0.80195,0.8036,1
501,0.2699,0.4235,3
503,0.2318,0.18025,3
502,0.0173,0.01495,1
504,0.65855,0.7102,3
505,0.1034,0.06985,1
506,0.2351,0.15935,1
507,0.1194,0.1507,2
508,0.13775,0.063,2
509,0.23395,0.27885,1
512,0.1942,0.11,1
510,0.688,0.79285,1
513,0.1123,0.1458,3
511,0.0198,0.0513,3
514,0.60655,0.6183,3
515,0.55335,0.6325,1
516,0.48325,0.49985,1
517,0.5411,0.52815,2
519,0.0397,0.05545,1
518,0.92795,0.917,3
521,0.5417,0.5641,2
520,0.8468,0.89225,2
522,0.2366,0.1682,1
523,0.01385,0.01865,1
524,0.21825,0.14305,3
525,0.22665,0.2424,2
528,0.1956,0.2459,1
526,0.7054,0.7018,3
527,0.8499,0.9303,3
529,0.85215,0.8215,2
530,0.57405,0.5473,1
531,0.30625,0.2458,1
532,0.36795,0.47565,1
533,0.66895,0.64295,2
535,0.9232,0.84525,1
537,0.26005,0.21125,3
534,0.141,0.1983,2
536,0.5382,0.67955,1
538,0.6741,0.87685,1
539,0.39755,0.7069,1
540,0.6429,0.6303,1
541,0.33505,0.50335,1
542,0.22605,0.2974,1
545,0.2623,0.264,1
544,0.6852,0.7187,2
547,0.4934,0.6709,3
543,0.2754,0.24575,1
546,0.27255,0.24375,1
548,0.2345,0.2572,1
549,0.82095,0.6938,2
550,0.804,0.77415,2
552,0.22725,0.35345,3
553,0.10465,0.04585,1
556,0.6965,0.77525,2
554,0.23495,0.2851,1
551,0.7652,0.8283,1
555,0.54115,0.61055,1
557,0.5027,0.4213,2
559,0.3217,0.52145,1
558,0.59255,0.45935,3
561,0.8001,0.8839,1
560,0.59455,0.65715,1
562,0.45395,0.2442,1
563,0.1703,0.17895,2
564,0.51405,0.52845,2
566,0.0938,0.3342,1
565,0.88305,0.8133,1
571,0.83905,0.86085,2
568,0.8277,0.80675,1
567,0.11015,0.11885,1
570,0.3801,0.31575,1
572,0.9981,0.97115,1
569,0.9149,0.85215,1
573,0.85265,0.83915,1
574,0.46545,0.52375,3
575,0.59775,0.3747,2
578,0.31875,0.38425,2
579,0.476,0.5522,3
580,0.10945,0.1551,3
577,0.04125,0.02795,3
581,0.4848,0.44805,3
582,0.6788,0.57295,2
583,0.83585,0.8716,2
585,0.70565,0.68115,1
584,0.162,0.12665,1
587,0.68585,0.5588,3
586,0.2787,0.26275,3
588,0.45335,0.28275,1
589,0.67485,0.6541,2
590,0.2646,0.4596,2
591,0.0606,0.06425,2
593,0.1109,0.4626,1
592,0.06915,0.0615,1
594,0.17585,0.08475,2
595,0.7325,0.8336,3
596,0.73805,0.7409,2
597,0.0407,0.03995,2
598,0.94835,0.94955,2
600,0.08645,0.12185,1
599,0.1238,0.0404,1
601,0.81345,0.8246,3
602,0.97785,0.96735,1
603,0.3572,0.46215,3
604,0.26765,0.2191,1
605,0.0861,0.1038,1
607,0.9401,0.9243,1
606,0.5067,0.3043,3
608,0.33085,0.4003,3
609,0.0317,0.31915,2
610,0.00815,0.0081,1
612,0.0654,0.08955,1
611,0.0644,0.11865,1
613,0.0892,0.07215,3
615,0.3587,0.36005,3
614,0.0844,0.11585,1
616,0.8179,0.80665,3
617,0.1756,0.17185,1
618,0.72615,0.6959,2
619,0.818,0.8572,3
620,0.61805,0.47995,2
621,0.40785,0.4833,2
622,0.76265,0.8601,1
623,0.67835,0.6846,3
624,0.5203,0.344,3
625,0.24395,0.2125,1
626,0.75175,0.83505,1
627,0.0385,0.1188,1
628,0.67455,0.59545,3
629,0.55215,0.59535,2
630,0.25735,0.22315,1
631,1e-04,0.00105,3
632,0.9313,0.9206,2
633,0.10665,0.2407,1
635,0.81675,0.94895,1
634,0.11435,0.1695,1
637,0.71685,0.60875,1
636,0.9658,0.932,3
639,0.06655,0.07325,2
638,0.9049,0.87535,3
640,0.09645,0.2357,2
641,0.9059,0.8455,1
642,0.453,0.49195,1
643,0.99495,0.9956,3
644,0.42785,0.42935,3
646,0.74165,0.71515,3
645,0.57925,0.5738,1
647,0.2656,0.4082,1
648,0.1916,0.10785,2
649,0.21495,0.2144,3
650,0.2507,0.1656,3
652,0.0574,0.07145,3
651,0.43205,0.3771,3
653,0.56395,0.62905,3
654,0.3093,0.635,3
655,0.0052,0.00585,3
656,0.42805,0.30085,2
657,0.15895,0.1186,3
658,0.38225,0.1616,1
659,0.04855,0.0975,3
660,0.7442,0.7844,3
661,0.1674,0.32455,1
662,0.1196,0.1223,2
664,0.42545,0.40055,1
663,0.0276,0.03565,3
666,0.05655,0.088,2
667,0.68575,0.7416,2
665,0.24085,0.17475,1
668,0.80905,0.8082,1
669,0.35985,0.4356,1
670,0.52415,0.28855,2
671,0.08085,0.0956,1
672,0.02105,0.02425,3
673,0.74425,0.7966,2
674,0.90465,0.9468,1
675,0.31675,0.245,3
676,0.11225,0.07875,3
677,0.0403,0.05655,2
678,0.2605,0.3023,2
679,0.86885,0.92505,1
682,0.2303,0.34215,2
680,0.58535,0.336,1
681,0.1942,0.31025,1
683,0.58715,0.6178,1
684,0.25885,0.3082,3
686,0.61665,0.62965,1
685,0.6553,0.66325,1
690,0.921,0.8894,2
689,0.43045,0.4987,2
688,0.3043,0.5818,2
687,0.40885,0.46445,1
691,0.6937,0.59855,1
693,0.6361,0.73705,1
692,0.43665,0.4856,3
696,0.62485,0.5776,1
695,0.1535,0.1966,1
694,0.01145,0.0272,3
697,0.4005,0.41595,2
698,0.50155,0.59955,1
699,0.0294,0.0483,2
703,0.4291,0.25705,2
700,0.0874,0.0575,2
702,0.77785,0.7729,2
701,0.2739,0.24005,3
704,0.2499,0.2264,2
706,0.58095,0.567,3
705,0.59155,0.50445,1
707,0.48525,0.6141,2
711,0.1554,0.11785,2
708,0.3408,0.3148,1
709,0.14715,0.2186,3
710,0.81885,0.86935,2
713,0.6602,0.5075,1
712,0.5894,0.59655,2
715,0.30585,0.24645,1
714,0.63625,0.71505,1
717,0.70815,0.603,2
716,0.7663,0.7685,1
718,0.13715,0.09255,2
719,0.0648,0.10195,3
720,0.18325,0.259,1
721,0.2579,0.4173,1
725,0.6137,0.80825,2
722,0.0089,0.02345,1
724,0.40115,0.48505,1
723,0.6233,0.64855,2
726,0.8281,0.77255,1
727,0.9312,0.91295,3
728,0.1921,0.19985,1
730,0.52705,0.5661,2
732,0.014,0.0115,3
729,0.2341,0.2863,1
731,0.5555,0.53795,2
733,0.26995,0.2316,3
734,0.58785,0.69915,3
735,0.18175,0.1579,3
738,0.01195,0.0042,3
736,0.507,0.38275,3
737,0.5711,0.48655,1
740,0.2977,0.2964,2
739,0.8656,0.91515,3
741,0.83065,0.65975,2
742,0.8011,0.9125,1
743,0.0685,0.09445,3
744,0.7021,0.59405,1
745,0.77845,0.7803,1
746,0.9357,0.96005,2
748,0.9572,0.9467,1
747,0.4795,0.4368,1
749,0.03275,0.0541,3
750,0.10105,0.15035,1
751,0.0276,0.0454,1
753,0.4087,0.3221,2
754,0.1842,0.44855,3
755,0.043,0.0645,1
752,0.9372,0.94015,2
757,0.6409,0.5132,3
759,0.0413,0.0619,3
756,0.11415,0.09775,3
761,0.22215,0.31425,3
758,0.18505,0.13985,2
762,0.17175,0.05615,2
760,0.13455,0.1644,1
763,0.6054,0.373,1
764,0.55575,0.5233,3
768,0.05685,0.09525,3
766,0.3711,0.3897,1
765,0.8864,0.8198,1
767,0.9603,0.97685,1
769,0.07215,0.06115,3
770,0.7884,0.79115,2
772,0.11285,0.176,3
771,0.17715,0.3056,2
774,0.8556,0.8967,2
773,0.7379,0.6497,1
775,0.1302,0.08645,2
776,0.04195,0.018,1
777,0.61465,0.7533,3
779,0.53005,0.64255,2
780,0.8501,0.89365,1
781,0.3177,0.442,2
778,0.0311,0.05615,3
783,0.7741,0.81825,2
782,0.6605,0.55155,1
784,0.5042,0.6125,1
785,0.0164,0.0201,3
786,0.5597,0.4183,2
787,0.18935,0.2727,1
788,0.8319,0.7772,3
789,0.75055,0.66265,1
790,0.99905,0.99905,1
791,0.6262,0.5923,1
795,0.46845,0.32255,2
792,0.13305,0.1156,3
794,0.9494,0.9421,2
793,0.5067,0.55335,1
796,0.4367,0.42635,1
797,0.75855,0.898,3
798,0.3152,0.3448,2
799,0.46015,0.42865,1
802,0.1399,0.167,3
804,0.7031,0.6037,1
803,0.9973,0.9864,3
800,0.5196,0.50595,3
801,0.6159,0.4967,3
805,0.773,0.80335,1
806,0.22305,0.22045,3
807,0.07355,0.0707,2
809,0.23545,0.27245,2
810,0.02415,0.01615,1
808,0.35425,0.397,1
811,0.41945,0.56375,1
812,0.0949,0.06375,3
813,0.73065,0.8694,1
814,0.77735,0.8404,2
815,0.07295,0.06435,1
817,0.9256,0.93995,1
816,0.11175,0.14335,1
818,0.3132,0.3356,1
820,0.89665,0.91095,3
821,0.09375,0.0637,3
819,0.2808,0.2194,3
822,0.74975,0.7926,1
823,0.94895,0.91815,3
824,0.38465,0.6107,1
825,0.11795,0.1318,1
826,0.0998,0.10775,1
828,0.13005,0.17415,1
827,0.8156,0.73385,2
829,0.01045,0.00325,2
830,0.4845,0.53705,1
832,0.061,0.07305,1
831,0.9242,0.97115,2
834,0.7127,0.5997,1
833,0.40905,0.3103,1
835,0.1742,0.1432,1
836,0.6493,0.72955,2
837,0.84515,0.8652,1
839,0.69385,0.83055,3
842,0.13635,0.0485,2
838,0.00075,9e-04,3
841,0.24475,0.23815,1
843,0.37565,0.3805,1
840,0.532,0.4409,2
844,0.65675,0.69345,2
845,0.65865,0.54825,2
846,0.34515,0.4989,3
849,0.26985,0.19745,2
848,0.5778,0.62395,1
847,0.0964,0.16665,1
850,0.06275,0.08105,1
851,0.8196,0.73635,1
853,0.89415,0.8619,3
852,0.32735,0.37045,1
856,0.4622,0.4665,2
855,0.6219,0.5999,2
854,0.3104,0.20735,2
857,0.90595,0.90725,2
859,0.38935,0.40165,1
858,0.773,0.77395,1
860,0.0712,0.05245,3
862,0.6234,0.70985,1
863,0.1685,0.1513,3
864,0.4519,0.49315,1
861,0.06445,0.04875,1
865,0.0051,0.0324,1
866,0.6523,0.521,2
869,0.9722,0.9579,1
867,0.57735,0.5776,1
868,0.37855,0.40635,1
870,0.0717,0.06465,1
871,0.1301,0.1011,3
873,0.377,0.4566,1
872,0.0352,0.0254,1
874,0.6712,0.6379,1
878,0.11835,0.23405,1
875,0.11115,0.07335,1
877,0.6794,0.76305,1
876,0.1883,0.2407,1
879,0.447,0.62635,2
880,0.9851,0.9671,3
881,0.9988,0.9973,2
882,0.5842,0.55675,1
884,0.83645,0.86585,2
883,0.72085,0.6302,1
885,0.01395,0.03585,3
887,0.2314,0.12785,3
886,0.42005,0.38195,3
888,0.01025,0.0068,1
891,0.2058,0.5599,1
889,0.0649,0.1181,1
892,0.6791,0.56935,3
893,0.3643,0.2901,3
890,0.18085,0.2291,1
894,0.69545,0.7266,2
895,0.37895,0.46465,1
897,0.65575,0.6036,3
896,0.47575,0.6716,2
898,0.49915,0.5687,3
901,0.62695,0.72395,1
900,0.36245,0.55115,2
902,0.14035,0.15985,2
899,0.4449,0.37585,1
903,0.2393,0.22355,3
905,0.1096,0.09125,1
904,0.34185,0.60885,1
906,0.2779,0.258,1
909,0.4135,0.45,1
908,0.20935,0.3214,3
907,0.02415,0.02665,1
911,0.3925,0.42205,1
910,0.46635,0.4332,3
913,0.29945,0.37585,2
912,0.1893,0.2454,2
916,0.5539,0.40525,1
915,0.4401,0.5753,1
914,0.19725,0.1459,1
918,0.8636,0.85065,1
917,0.5566,0.54215,1
919,0.93665,0.9216,1
920,0.95625,0.97195,1
922,0.629,0.6619,2
923,0.8651,0.79225,2
921,0.24065,0.2421,2
925,0.12125,0.07795,1
924,0.6506,0.75725,1
926,0.49015,0.59925,1
928,0.4452,0.53345,1
927,0.02095,0.02345,3
929,0.284,0.27835,1
932,0.01685,0.01625,3
930,0.15315,0.148,2
931,0.1827,0.2274,3
934,0.47265,0.59655,1
933,0.1156,0.21415,1
935,0.62395,0.60455,3
936,0.4818,0.4337,1
938,0.6644,0.56725,1
937,0.57135,0.50875,2
939,0.76705,0.7443,1
941,0.57485,0.40555,2
940,0.14225,0.10315,1
944,0.74675,0.81405,1
942,0.841,0.8811,1
943,0.1516,0.11145,3
945,0.755,0.762,1
946,0.15245,0.1286,2
947,0.54865,0.6923,2
948,0.14385,0.18045,2
950,0.221,0.2968,2
949,0.30745,0.3269,3
951,0.6822,0.6307,2
952,0.15435,0.1567,3
953,0.0491,0.0663,3
956,0.78805,0.701,1
954,0.82755,0.82415,1
957,0.07435,0.1983,2
955,0.07275,0.10105,1
958,0.38265,0.5121,1
959,0.0209,0.0298,1
960,0.6919,0.6614,1
963,0.14935,0.23775,2
961,0.2049,0.1279,2
964,0.86215,0.81155,2
962,0.54345,0.46555,1
966,0.59775,0.5608,1
965,0.5496,0.6885,1
967,0.5536,0.6094,1
971,0.7397,0.7026,1
968,0.57915,0.68395,2
969,0.74025,0.6456,2
972,0.31135,0.23335,1
970,0.25895,0.30685,1
973,0.51995,0.41835,1
974,0.09835,0.11265,1
975,0.8874,0.87655,3
977,0.14865,0.28405,2
978,0.1242,0.1446,3
976,0.31685,0.3311,1
980,0.48115,0.4946,1
979,0.00705,0.0092,3
981,0.32355,0.1386,1
982,0.1658,0.1799,3
983,0.57185,0.54995,2
986,0.66385,0.61985,3
985,0.73435,0.69465,1
984,0.468,0.3995,1
987,0.2244,0.1997,3
988,0.676,0.62375,3
989,0.9598,0.9693,3
991,0.61715,0.47885,1
992,0.35005,0.41825,3
990,0.0327,0.03495,1
993,0.0754,0.1453,1
994,0.43445,0.40445,2
995,0.6362,0.67755,1
997,0.15055,0.2433,1
998,0.1256,0.13115,1
996,0.78575,0.87115,1
1000,0.2597,0.48105,2
999,0.1912,0.26695,1
1001,0.3421,0.33775,2
1002,0.3313,0.7247,2
1003,0.7824,0.7353,2
1005,0.16715,0.94295,1
1004,0.11295,0.2859,2
1006,0.70345,0.24975,2
1007,0.8862,0.8753,2
1008,0.44075,0.62935,2
1010,0.40955,0.24735,2
1009,0.60505,0.9501,2
1012,0.97375,0.90265,2
1011,0.4397,0.83055,2
1013,0.6986,0.34905,2
1014,0.8082,0.94185,1
1015,0.8977,0.63065,2
1016,0.2253,0.38585,1
1020,0.51185,0.84025,1
1017,0.7212,0.97425,2
1018,0.48745,0.38975,2
1019,0.1269,0.5301,2
1022,0.77135,0.2507,2
1021,0.5676,0.99155,2
1025,0.4579,0.5928,1
1027,0.4076,0.53415,2
1028,0.022,0.5583,2
1030,0.2304,0.48005,2
1029,0.01725,0.0576,2
1031,0.09155,0.29565,2
1034,0.95125,0.3981,2
1035,0.3165,0.78815,2
1033,0.8457,0.7053,3
1036,0.54085,0.4803,2
1037,0.01025,0.43775,2
1038,0.90765,0.8321,3
1024,0.0042,0.02955,2
1039,0.5921,0.61005,2
1040,0.4979,0.4249,2
1042,0.20585,0.4398,1
1041,0.1602,0.265,1
1043,0.8637,0.4991,2
1045,0.1563,0.5985,2
1032,0.6251,0.49185,2
1046,0.7634,0.69605,1
1047,0.19805,0.57935,2
1023,0.36535,0.0527,2
1048,0.45365,0.6303,2
1049,0.4336,0.6054,2
1051,0.0946,0.13565,1
1026,0.0167,0.0245,2
1053,0.05755,0.1708,2
1055,0.43805,0.5124,3
1050,0.29855,0.33915,2
1056,0.65855,0.67305,2
1044,0.01135,0.0303,2
1057,0.6761,0.60075,1
1059,0.48385,0.7125,2
1058,0.8853,0.4728,2
1061,0.00455,0.26315,2
1060,0.156,0.05085,2
1062,0.4661,0.61225,2
1064,0.5163,0.18705,2
1052,0.11145,0.3099,2
1066,0.13745,0.1346,2
1065,0.17405,0.32805,2
1067,0.5478,0.11205,2
1068,0.85825,0.9753,2
1070,0.8843,0.6412,1
1069,0.696,0.61845,2
1072,0.335,0.9276,1
1071,0.2502,0.31255,2
1073,0.3988,0.34135,2
1076,0.96565,0.85355,2
1074,0.9451,0.7282,2
1077,0.2043,0.319,2
1079,0.80295,0.1723,1
1080,0.2169,0.26185,2
1078,0.808,0.44915,2
1081,0.2652,0.2186,1
1082,0.6852,0.55135,2
1083,0.9994,0.9687,2
1084,0.7803,0.96835,2
1075,0.1431,0.09175,2
1063,0.25065,0.2674,1
1085,0.06015,0.69435,2
1088,0.11075,0.06005,1
1087,0.45395,0.8572,1
1086,0.10795,0.478,2
1054,0.30485,0.1158,2
1089,0.1187,0.76185,2
1090,0.7955,0.183,2
1091,0.77565,0.4181,2
1092,0.6697,0.40105,1
1094,0.8019,0.92215,1
1096,0.78695,0.88865,2
1095,0.19085,0.8843,2
1093,0.11665,0.1343,2
1098,0.8231,0.3348,2
1099,0.8445,0.60285,2
1100,0.18775,0.8524,2
1101,0.024,0.17395,2
1103,0.4585,0.44255,2
1104,0.8394,0.84825,2
1105,0.95345,0.5407,2
1097,0.1272,0.05715,2
1108,0.5756,0.71695,2
1109,0.0093,0.0161,2
1106,0.069,0.06445,2
1111,0.2009,0.4526,2
1110,0.78955,0.5833,1
1107,0.00395,0.49025,1
1113,0.3864,0.68595,2
1114,0.43855,0.04815,2
1112,0.2355,0.4408,1
1116,0.13545,0.67595,2
1115,0.72365,0.75095,2
1117,0.2145,0.91345,1
1118,0.66775,0.5548,1
1120,0.3085,0.45515,2
1121,0.5198,0.87645,1
1122,0.28885,0.34025,1
1119,0.3896,0.45465,2
1102,0.21175,0.8424,2
1123,0.2345,0.2403,2
1126,0.2603,0.42705,2
1125,0.3043,0.61365,2
1124,0.9623,0.92435,1
1128,0.86065,0.41105,2
1129,0.1956,0.0253,1
1131,0.54715,0.26535,1
1130,0.2563,0.8952,2
1132,0.7076,0.352,1
1134,0.7095,0.48835,2
1133,0.65695,0.1955,2
1127,0.36175,0.55455,2
1136,0.7637,0.3556,1
1135,0.0654,0.2179,2
1137,0.2772,0.08515,2
1138,0.3417,0.109,2
1140,0.57185,0.77305,1
1139,0.40365,0.1161,1
1142,0.90425,0.6389,2
1143,0.71475,0.2226,1
1144,0.93765,0.8673,1
1145,0.82685,0.20135,2
1146,0.1028,0.21645,1
1147,0.28035,0.6071,2
1148,0.7827,0.3817,2
1152,0.78665,0.3192,2
1150,0.80045,0.3785,2
1151,0.038,0.3178,2
1141,0.02205,0.0298,2
1153,0.05635,0.1156,2
1154,0.81935,0.97565,2
1155,0.89345,0.5886,3
1157,0.2308,0.0791,2
1159,0.73165,0.6083,2
1156,0.0136,0.20985,2
1158,0.3928,0.4951,2
1161,0.9426,0.64995,2
1160,0.1127,0.1047,2
1149,0.07385,0.95145,1
1162,0.06855,0.4719,2
1165,0.3235,0.4,2
1167,0.7098,0.9567,2
1166,0.4206,0.0139,2
1163,0.44305,0.3743,2
1169,0.5472,0.589,1
1170,0.23445,0.31875,2
1171,0.51275,0.22965,2
1172,0.5083,0.2439,2
1173,0.05945,0.4801,1
1168,0.1412,0.1062,2
1175,0.6276,0.94705,1
1164,0.1261,0.6026,2
1176,0.9475,0.56105,2
1177,0.16895,0.34055,2
1178,0.28395,0.30275,2
1179,0.8735,0.85945,2
1181,0.0632,0.60725,2
1180,0.28035,0.57425,1
1183,0.43775,0.4024,1
1184,0.71445,0.1351,1
1185,0.2732,0.2817,2
1188,0.9196,0.90205,2
1186,0.50205,0.53235,1
1187,0.12415,0.17505,2
1190,0.17715,0.2607,2
1191,0.1647,0.5308,2
1192,0.43825,0.1585,2
1182,0.0236,0.7506,2
1189,0.30115,0.41425,2
1193,0.566,0.7974,3
1194,0.8204,0.9971,2
1197,0.90885,0.7774,1
1196,0.0149,0.48615,2
1195,0.9872,0.80605,1
1174,0.50675,0.9978,2
1201,0.30475,0.0804,1
1200,0.55225,0.2999,2
1202,0.71845,0.47695,2
1199,0.63355,0.8115,2
1204,0.67535,0.9116,2
1203,0.58635,0.2259,2
1205,0.60735,0.7017,1
1206,0.13005,0.97745,1
1207,0.047,0.40575,2
1208,0.98105,0.83755,2
1211,0.43885,0.36885,1
1210,0.8677,0.99255,2
1212,0.30185,0.3845,2
1209,0.94825,0.27795,2
1213,0.6787,0.6273,2
1214,0.2116,0.58105,1
1215,0.4289,0.30425,2
1217,0.97955,0.73185,2
1216,0.41795,0.63605,1
1218,0.40745,0.1749,2
1219,0.3119,0.463,2
1220,0.881,0.2844,2
1221,0.36785,0.2913,2
1224,0.6563,0.2053,2
1222,0.1319,0.5927,2
1225,0.9942,0.9778,2
1226,0.89715,0.45345,2
1227,0.71455,0.4719,2
1223,0.4728,0.2248,2
1230,0.58925,0.768,2
1229,0.34905,0.34505,2
1228,0.7982,0.89665,1
1198,0.04235,0.315,2
1231,0.3871,0.2648,2
1233,0.3009,0.95385,2
1235,0.9929,0.1923,2
1234,0.63455,0.97445,2
1236,0.72935,0.31035,2
1238,0.7267,0.3296,2
1232,0.51705,0.32595,2
1237,0.3995,0.6436,2
1240,0.7243,0.5618,2
1242,0.45995,0.78515,2
1241,0.42425,0.40645,1
1244,0.4548,0.45405,3
1245,0.00045,0.002,2
1246,0.99015,0.80255,2
1247,0.1907,0.1071,2
1248,0.647,0.6226,2
1249,0.77485,0.8581,2
1250,0.1611,0.04095,2
1251,0.1213,0.47385,2
1243,0.729,0.4596,1
1253,0.22125,0.4939,2
1254,0.82935,0.8072,2
1255,0.8681,0.65075,2
1256,0.5592,0.1649,2
1258,0.32735,0.3303,2
1239,0.11585,0.27905,2
1259,0.1693,0.59745,1
1260,0.00355,0.0311,2
1263,0.06295,0.28145,2
1262,0.43035,0.63505,1
1264,0.8629,0.4419,1
1265,0.2831,0.4459,2
1266,0.16145,0.09015,2
1267,0.21095,0.69775,2
1269,0.96565,0.8575,2
1270,0.22365,0.9052,1
1271,0.67475,0.80655,2
1252,0.0101,0.1067,2
1261,0.0706,0.14765,2
1272,0.29445,0.5618,2
1273,0.66395,0.6565,2
1276,0.1051,0.25595,2
1277,0.64985,0.69335,2
1275,0.3201,0.0197,2
1268,0.83955,0.41615,2
1274,0.1735,0.12255,2
1278,0.42935,0.04775,2
1279,0.84115,0.72655,2
1280,0.45365,0.9844,1
1282,0.4956,0.5756,2
1283,0.994,0.8154,2
1281,0.4111,0.17265,2
1284,0.7804,0.3664,2
1285,0.5854,0.45715,2
1286,0.2451,0.65795,2
1287,0.6746,0.37845,2
1288,0.89995,0.77565,1
1289,0.038,0.2671,2
1290,0.63865,0.4528,2
1292,0.05825,0.40355,2
1293,0.07765,0.46245,2
1294,0.4626,0.8176,2
1295,0.43795,0.04995,2
1291,0.36365,0.6285,1
1296,0.8742,0.74225,2
1298,0.6611,0.55985,1
1297,0.4321,0.629,1
1300,0.32275,0.1113,1
1299,0.22015,0.3232,2
1257,0.1738,0.9212,1
1302,0.20575,0.5464,2
1304,0.4157,0.83965,2
1303,0.6943,0.8641,2
1306,0.373,0.291,2
1305,0.8271,0.16185,2
1307,0.7669,0.27725,2
1308,0.8046,0.9448,2
1309,0.2683,0.4343,2
1311,0.09955,0.03175,1
1312,0.1234,0.4816,1
1313,0.06555,0.0057,2
1314,0.69635,0.90365,2
1310,0.14815,0.2243,2
1316,0.70905,0.2112,2
1315,0.27765,0.677,2
1317,0.8853,0.9856,2
1318,0.25255,0.6207,1
1320,0.0301,0.0827,1
1322,0.04955,0.2561,1
1324,0.32335,0.34455,1
1321,0.46745,0.2682,2
1323,0.9413,0.9587,1
1325,0.8544,0.81005,1
1326,0.83175,0.30895,2
1319,0.04385,0.14645,2
1327,0.35,0.3394,2
1328,0.5406,0.68415,2
1330,0.03235,0.5431,1
1331,0.2265,0.6107,2
1332,0.6161,0.11895,2
1334,0.3881,0.8453,1
1333,0.79155,0.73525,1
1336,0.959,0.87035,2
1338,0.98485,0.98385,2
1337,0.03435,0.0343,2
1339,0.17125,0.0575,2
1340,0.7398,0.5864,2
1342,0.87905,0.7148,2
1341,0.24105,0.98275,2
1343,0.1933,0.31495,2
1301,0.03845,0.11555,2
1344,0.7641,0.7533,2
1345,0.8542,0.92835,2
1346,0.6756,0.49585,1
1347,0.61045,0.37495,2
1350,0.39445,0.557,2
1349,0.95505,0.5089,2
1351,0.83445,0.8496,2
1352,0.8642,0.86435,3
1329,0.4908,0.11245,2
1353,0.6574,0.4819,2
1354,0.8441,0.5389,2
1355,0.505,0.86135,1
1356,0.83715,0.5234,2
1357,0.06745,0.90745,2
1359,0.4321,0.3363,1
1335,0.30575,0.1174,2
1360,0.7296,0.51235,2
1358,0.395,0.245,2
1361,0.12355,0.1975,2
1362,0.8159,0.2868,2
1363,0.1409,0.2826,2
1364,0.12315,0.3032,2
1365,0.1943,0.6622,2
1366,0.3697,0.55525,2
1367,0.39385,0.47055,2
1370,0.8874,0.4879,2
1371,0.97405,0.88935,2
1368,0.0698,0.47535,2
1369,0.2049,0.5331,2
1372,0.49945,0.93815,2
1374,0.1531,0.97785,2
1376,0.19125,0.1461,2
1375,0.20895,0.2766,1
1378,0.901,0.8196,2
1377,0.8933,0.7554,2
1380,0.10585,0.02935,2
1379,0.80655,0.70945,2
1382,0.88825,0.62725,2
1383,0.18195,0.4885,2
1373,0.45355,0.422,2
1384,0.2643,0.15715,2
1348,0.09805,0.67705,1
1385,0.84275,0.4484,2
1386,0.7689,0.54605,2
1387,0.1376,0.4196,1
1388,0.6168,0.3602,2
1390,0.257,0.1485,1
1389,0.79465,0.74275,2
1391,0.5466,0.16005,2
1392,0.62855,0.3746,2
1394,0.2843,0.33425,1
1393,0.30905,0.1464,2
1396,0.2561,0.08185,2
1397,0.9713,0.2315,2
1398,0.4492,0.21015,2
1399,0.1623,0.29095,2
1381,0.00105,0.9553,2
1400,0.2631,0.2646,1
1401,0.8719,0.9694,2
1402,0.5713,0.2632,3
1403,0.4327,0.42705,2
1404,0.09285,0.81185,2
1405,0.9106,0.73765,2
1406,0.097,0.04265,2
1407,0.3827,0.2307,1
1408,0.7163,0.3222,2
1410,0.03285,0.79595,1
1409,0.734,0.4993,1
1412,0.6807,0.8253,3
1411,0.1738,0.5869,2
1413,0.75415,0.7501,2
1395,0.08525,0.8132,2
1414,0.58265,0.6774,2
1417,0.3554,0.69805,1
1416,0.6295,0.69185,2
1419,0.3233,0.4848,2
1418,0.2345,0.82405,2
1415,0.04605,0.1812,2
1420,0.797,0.65835,2
1421,0.43505,0.82185,1
1422,0.9589,0.5615,2
1427,0.6024,0.2223,1
1425,0.6378,0.5541,2
1426,0.85935,0.48435,2
1423,0.18005,0.5308,2
1428,0.78005,0.40665,2
1429,0.39535,0.611,2
1431,0.123,0.5019,2
1433,0.24315,0.36225,2
1432,0.1505,0.60485,2
1436,0.2867,0.27695,2
1430,0.04145,0.4544,2
1437,0.05905,0.6607,2
1434,0.0143,0.7905,2
1439,0.892,0.4711,2
1438,0.13915,0.5309,1
1435,0.0475,0.4322,2
1440,0.8295,0.70495,1
1441,0.0896,0.1332,1
1442,0.7839,0.38125,2
1443,0.52795,0.4137,2
1445,0.40785,0.2474,2
1444,0.11365,0.04935,2
1447,0.47825,0.1583,1
1446,0.85065,0.45945,2
1449,0.977,0.5245,2
1448,0.2411,0.72545,2
1451,0.95475,0.8903,2
1450,0.1244,0.5703,2
1453,0.29285,0.97195,2
1452,0.3646,0.77415,2
1454,0.9819,0.9578,2
1455,0.42275,0.58405,2
1458,0.66585,0.6775,2
1457,0.11505,0.5257,2
1456,0.34985,0.0119,2
1459,0.29155,0.37195,1
1460,0.1783,0.138,1
1461,0.69525,0.6816,1
1462,0.6324,0.5651,1
1464,0.99,0.79675,1
1424,0.2616,0.57725,2
1465,0.3246,0.75025,2
1467,0.88615,0.25375,2
1466,0.5989,0.4752,1
1463,0.17145,0.23725,2
1469,0.8299,0.24705,2
1470,0.7503,0.4438,1
1472,0.08405,0.4554,1
1471,0.07815,0.4123,2
1474,0.53935,0.0706,2
1473,0.4922,0.5259,2
1468,0.44565,0.9613,1
1478,0.6638,0.88265,2
1477,0.06035,0.82335,2
1479,0.04125,0.08715,2
1476,0.1781,0.3885,2
1480,0.4503,0.36425,2
1482,0.9529,0.87085,2
1483,0.64115,0.3621,1
1484,0.7353,0.57645,2
1486,0.9986,0.89555,1
1485,0.2366,0.0537,2
1488,0.5273,0.20735,2
1487,0.2686,0.47575,2
1491,0.31495,0.6955,1
1489,0.65385,0.5727,2
1490,0.923,0.887,2
1492,0.14615,0.70155,2
1493,0.5982,0.77775,2
1494,0.31835,0.26505,2
1495,0.04445,0.175,2
1496,0.48225,0.8368,1
1497,0.0961,0.08745,2
1498,0.05575,0.00975,1
1481,0.5058,0.333,2
1500,0.7258,0.5325,2
1499,0.3987,0.0198,1
1501,0.62305,0.38635,2
1475,0.07305,0.51005,2
1502,0.485,0.91455,2
1504,0.62765,0.69625,1
1505,0.0267,0.0326,2
1503,0.4087,0.2209,2
1506,0.68475,0.86485,2
1509,0.07195,0.56,2
1508,0.76125,0.5611,2
1510,0.20145,0.07735,2
1511,0.58355,0.34335,1
1513,0.0686,0.02605,2
1515,0.48725,0.59235,2
1516,0.50075,0.48025,2
1514,0.69055,0.38075,2
1517,0.7038,0.203,2
1518,0.6851,0.09385,2
1519,0.71015,0.22325,2
1520,0.5576,0.52545,1
1521,0.50685,0.6299,2
1523,0.0127,0.06465,2
1522,0.4387,0.5343,2
1524,0.22015,0.24385,2
1526,0.3422,0.34125,2
1525,0.88635,0.88645,2
1527,0.49655,0.62245,1
1528,0.72105,0.7996,2
1529,0.4009,0.8615,2
1530,0.938,0.98075,2
1531,0.91925,0.384,2
1532,0.5128,0.7652,2
1533,0.8136,0.0852,1
1534,0.40055,0.60915,2
1535,0.6584,0.8378,1
1536,0.5383,0.15435,3
1537,0.19815,0.6748,2
1512,0.2893,0.5838,2
1538,0.5297,0.0853,2
1541,0.1509,0.53985,2
1542,0.91545,0.9723,2
1540,0.05945,0.01935,2
1543,0.51,0.2374,2
1544,0.1185,0.3865,1
1539,0.298,0.3008,2
1545,0.3988,0.86105,2
1546,0.2678,0.7085,2
1547,0.4457,0.656,2
1549,0.9362,0.8239,2
1550,0.05915,0.0888,2
1551,0.3551,0.8289,2
1552,0.5883,0.99725,1
1554,0.3698,0.30605,1
1556,0.6994,0.0846,2
1555,0.206,0.52095,2
1557,0.0471,0.15075,1
1507,0.0884,0.2579,3
1553,0.1979,0.10095,2
1559,0.3907,0.2207,1
1560,0.3432,0.188,3
1561,0.5014,0.86855,1
1563,0.66765,0.9965,2
1562,0.89325,0.5164,1
1564,0.66865,0.18175,1
1565,0.9274,0.9287,2
1568,0.3319,0.54845,2
1566,0.7809,0.42345,1
1567,0.2167,0.4925,2
1558,0.19885,0.16665,2
1570,0.54465,0.775,1
1569,0.32015,0.43055,2
1548,0.0222,0.01715,2
1572,0.5852,0.6785,2
1574,0.7987,0.89425,2
1571,0.1743,0.7256,2
1573,0.61145,0.33715,2
1575,0.5873,0.63735,2
1578,0.77105,0.81085,2
1579,0.93335,0.7316,2
1577,0.0417,0.7796,2
1581,0.22445,0.337,2
1576,0.7398,0.72485,2
1580,0.00745,0.03185,2
1583,0.4467,0.65405,1
1584,0.9396,0.946,2
1587,0.90375,0.83615,2
1582,0.59865,0.83685,2
1586,0.09755,0.0682,2
1585,0.1307,0.10345,2
1589,0.0292,0.98105,2
1591,0.5172,0.74505,1
1593,0.0513,0.86635,2
1594,0.7521,0.89675,2
1592,0.36235,0.06245,2
1595,0.0636,0.2551,1
1599,0.8025,0.3717,3
1597,0.50535,0.8027,2
1598,0.97295,0.8146,2
1596,0.0696,0.35095,2
1600,0.3258,0.0356,2
1603,0.7016,0.65525,1
1602,0.43735,0.55895,2
1604,0.1997,0.1842,1
1590,0.5025,0.80325,2
1605,0.02715,0.3127,2
1588,0.3718,0.19,2
1609,0.6777,0.7826,2
1607,0.1546,0.7718,2
1610,0.62805,0.0293,2
1608,0.9967,0.88875,2
1601,0.53685,0.68055,1
1611,0.5339,0.9935,2
1606,0.3747,0.6859,2
1614,0.0125,0.01555,2
1615,0.7234,0.7399,2
1613,0.3566,0.44655,2
1616,0.8413,0.242,1
1618,0.6268,0.93015,2
1621,0.22905,0.74465,2
1619,0.24835,0.0538,2
1620,0.2475,0.32155,1
1617,0.2654,0.45415,1
1612,0.8956,0.673,1
1622,0.00035,0.8349,1
1624,0.6784,0.6087,2
1628,0.94405,0.78215,1
1625,0.70375,0.75965,2
1623,0.0307,0.3614,2
1627,0.6578,0.8126,2
1626,0.9751,0.79935,2
1629,0.55665,0.597,1
1631,0.1141,0.19975,2
1630,0.19345,0.7044,2
1632,0.76515,0.6592,2
1636,0.7264,0.709,2
1635,0.9993,0.7034,1
1634,0.41735,0.2147,2
1639,0.54675,0.628,2
1637,0.85925,0.80355,1
1638,0.8359,0.63505,1
1640,0.8073,0.5795,2
1641,0.2817,0.2443,2
1642,0.9065,0.88715,1
1633,0.2294,0.85995,2
1643,0.70425,0.99675,2
1644,0.03775,0.0083,2
1647,0.07455,0.15885,1
1648,0.36975,0.24465,2
1649,0.74275,0.8678,2
1646,0.0211,0.57475,2
1651,0.73825,0.67255,2
1653,0.20415,0.16175,1
1652,0.5812,0.9771,2
1654,0.79815,0.3892,2
1655,0.4657,0.34155,2
1656,0.76375,0.9543,2
1659,0.8913,0.61875,1
1660,0.4274,0.57715,2
1657,0.82375,0.66245,2
1661,0.3214,0.1177,2
1662,0.8027,0.6234,2
1663,0.5358,0.6584,2
1665,0.6769,0.5551,2
1664,0.7378,0.0947,2
1666,0.88175,0.9432,1
1658,0.107,0.58835,2
1667,0.3543,0.40355,2
1671,0.95395,0.61875,2
1668,0.3859,0.70075,2
1670,0.6235,0.7705,2
1672,0.72115,0.56435,1
1645,0.39415,0.9041,2
1673,0.0861,0.50715,2
1674,0.0493,0.39715,3
1650,0.60915,0.6748,1
1675,0.16845,0.05255,2
1676,0.3902,0.56915,2
1678,0.7086,0.6328,2
1679,0.87495,0.84205,2
1677,0.5015,0.59195,2
1680,0.34775,0.27445,2
1681,0.98205,0.89555,2
1682,0.6809,0.90415,1
1683,0.36005,0.56025,2
1669,0.44205,0.13765,2
1685,0.6298,0.80355,2
1684,0.24395,0.08685,2
1687,0.7662,0.5914,2
1686,0.3459,0.9546,2
1688,0.44465,0.75715,2
1689,0.4249,0.3456,2
1694,0.5054,0.65955,3
1693,0.0841,0.6317,1
1690,0.8382,0.26795,2
1692,0.23955,0.1738,2
1695,0.45055,0.32045,2
1698,0.58765,0.9723,2
1696,0.7829,0.82215,2
1697,0.3899,0.7663,2
1699,0.76935,0.841,1
1700,0.4343,0.53805,2
1701,0.1245,0.6509,2
1703,0.5637,0.6095,2
1704,0.9705,0.9723,2
1702,0.493,0.71525,2
1705,0.0088,0.292,2
1706,0.94995,0.89725,2
1710,0.0455,0.78075,2
1691,0.14225,0.0546,2
1712,0.1218,0.3429,2
1711,0.9953,0.94325,2
1714,0.25205,0.9376,2
1715,0.7378,0.8966,2
1716,0.93485,0.9319,2
1707,0.10985,0.03795,2
1713,0.33195,0.32335,2
1717,0.42585,0.4449,2
1719,0.48525,0.2591,2
1720,0.24425,0.4475,2
1722,0.62435,0.75555,1
1723,0.259,0.1696,2
1721,0.09335,0.4619,2
1724,0.50525,0.56485,2
1725,0.8787,0.25065,2
1718,0.43845,0.95495,1
1726,0.27215,0.6291,1
1728,0.9707,0.65345,2
1729,0.23255,0.0985,1
1730,0.592,0.41535,2
1733,0.2067,0.02615,2
1732,0.5746,0.37445,2
1734,0.35315,0.7654,1
1709,0.2049,0.6479,3
1708,0.05995,0.15975,2
1737,0.3391,0.53935,2
1727,0.0536,0.30045,1
1735,0.93875,0.93865,2
1736,0.05735,0.86015,2
1738,0.05965,0.1259,2
1739,0.8519,0.8218,1
1740,0.6411,0.5101,2
1742,0.68625,0.96845,2
1743,0.8084,0.29805,2
1731,0.08415,0.5816,2
1744,0.8444,0.09445,1
1745,0.52715,0.2459,2
1746,0.11195,0.2441,2
1741,0.0968,0.2671,2
1747,0.1516,0.47295,2
1748,0.15565,0.92855,2
1750,0.64395,0.78105,1
1749,0.49555,0.7176,2
1751,0.36275,0.01855,2
1752,0.9482,0.8507,2
1754,0.5081,0.74655,1
1753,0.3524,0.46885,2
1756,0.0081,0.1984,2
1757,0.7688,0.78005,2
1755,0.60865,0.87405,2
1758,0.3634,0.55145,2
1761,0.8881,0.36185,2
1760,0.58475,0.7937,2
1763,0.75325,0.40745,2
1764,0.813,0.40375,1
1762,0.3837,0.81515,2
1765,0.374,0.517,2
1768,0.28515,0.49275,2
1767,0.649,0.34765,2
1769,0.5884,0.30005,2
1770,0.5916,0.998,2
1772,0.5049,0.4012,2
1773,0.1903,0.18615,2
1774,0.28675,0.04935,2
1771,0.476,0.0387,1
1778,0.9804,0.84165,1
1776,0.1312,0.2676,1
1777,0.9151,0.8852,2
1779,0.26655,0.02795,2
1780,0.11395,0.2795,2
1766,0.19785,0.1037,2
1775,0.19145,0.07775,2
1782,0.9648,0.92975,2
1781,0.87015,0.55085,2
1783,0.2819,0.10005,2
1784,0.8117,0.8327,2
1785,0.82415,0.95545,2
1759,0.14055,0.0222,2
1786,0.07325,0.08255,2
1787,0.78955,0.39325,1
1789,0.3841,0.64165,2
1788,0.7029,0.2914,2
1790,0.1262,0.4283,2
1791,0.73355,0.8397,2
1793,0.09685,0.02145,2
1794,0.3091,0.07575,2
1795,0.73665,0.88055,2
1796,0.03725,0.65745,2
1797,0.9329,0.7513,1
1798,0.20285,0.0643,1
1801,0.40725,0.31175,2
1800,0.3943,0.25725,2
1802,0.8312,0.42265,2
1804,0.7912,0.46625,2
1805,0.68745,0.29595,2
1806,0.8207,0.8874,2
1792,0.0061,9e-04,2
1808,0.85155,0.7717,2
1807,0.2267,0.68615,2
1809,0.3264,0.38605,2
1799,0.02885,0.0615,2
1810,0.0062,0.2127,2
1811,0.71905,0.57195,2
1812,0.49175,0.1759,1
1813,0.71685,0.71825,1
1814,0.5389,0.13325,2
1815,0.40775,0.2118,1
1816,0.38385,0.7351,2
1819,0.8848,0.91755,2
1820,0.887,0.52735,2
1821,0.9884,0.85775,2
1818,0.66085,0.8091,1
1822,0.2058,0.7814,2
1823,0.1914,0.4529,1
1825,0.5949,0.5809,2
1826,0.49395,0.3092,1
1827,0.2981,0.82755,2
1829,0.466,0.86945,1
1824,0.1054,0.9066,2
1830,0.73345,0.43415,2
1817,0.65725,0.0901,2
1828,0.68565,0.8671,2
1831,0.8301,0.3702,1
1832,0.47595,0.492,1
1803,0.14465,0.2019,2
1836,0.76275,0.53265,2
1835,0.69755,0.2872,1
1833,0.0325,0.0656,2
1838,0.31105,0.38565,3
1837,0.2393,0.8839,2
1839,0.96665,0.8157,3
1840,0.73145,0.33435,2
1842,0.8754,0.83305,2
1841,0.4628,0.5121,2
1845,0.30095,0.12035,1
1843,0.3032,0.3143,2
1846,0.5548,0.45295,2
1848,0.00775,5e-05,1
1847,0.18765,0.78595,2
1844,0.4777,0.70255,2
1850,0.8787,0.88745,2
1849,0.5004,0.8445,2
1851,0.4981,0.9423,2
1853,0.8816,0.88555,2
1852,0.8543,0.74245,2
1854,0.3485,0.24805,2
1855,0.36,0.2775,1
1856,0.176,0.2362,1
1857,0.8713,0.86465,1
1834,0.45785,0.7925,2
1858,0.56195,0.3809,2
1861,0.01185,0.40485,1
1860,0.45755,0.18375,2
1863,0.13635,0.76085,2
1859,0.15905,0.39,2
1864,0.31865,0.02275,2
1865,0.9542,0.29755,3
1866,0.6456,0.55845,2
1868,0.46555,0.69855,1
1867,0.89175,0.81235,2
1869,0.12135,0.4358,2
1862,0.40405,0.95005,2
1870,0.6438,0.5538,2
1871,0.626,0.1292,2
1874,0.85825,0.37345,2
1873,0.02775,0.1689,2
1872,0.79435,0.75725,2
1875,0.49445,0.1197,1
1876,0.9458,0.33815,2
1878,0.8414,0.5479,1
1880,0.20645,0.1631,2
1879,0.17875,0.58175,2
1883,0.17025,0.22525,1
1882,0.90485,0.63045,2
1884,0.74375,0.1154,2
1885,0.13715,0.80205,1
1887,0.795,0.7907,2
1886,0.55165,0.5123,1
1888,0.33815,0.4521,2
1889,0.08195,0.34655,1
1890,0.45145,0.48925,2
1891,0.51085,0.6954,2
1893,0.0501,0.29255,2
1894,0.76655,0.2726,3
1895,0.6307,0.2473,2
1898,0.067,0.87845,2
1897,0.08965,0.7209,2
1877,0.14495,0.02465,2
1899,0.3993,0.65005,2
1900,0.84035,0.97645,2
1901,0.24605,0.2694,2
1902,0.54405,0.2655,2
1903,0.56715,0.75785,2
1905,0.2653,0.5743,1
1904,0.0691,0.0289,2
1906,0.18475,0.01815,2
1896,0.30085,0.04465,2
1907,0.89945,0.90975,2
1908,0.36055,0.0942,2
1913,0.02345,0.0536,1
1881,0.00515,0.03015,1
1912,0.2234,0.3624,2
1909,0.77785,0.7114,1
1910,0.28635,0.8777,2
1915,0.73625,0.9843,2
1914,0.3372,0.48165,2
1916,0.38735,0.0882,2
1917,0.6158,0.3311,2
1892,0.0961,0.18695,2
1920,0.8813,0.83745,2
1921,0.229,0.0956,2
1918,0.3635,0.1689,2
1919,0.1101,0.08735,2
1922,0.97725,0.55135,2
1923,0.0053,0.9738,2
1926,0.15505,0.2676,1
1927,0.3608,0.5005,2
1924,0.09215,0.51315,2
1925,0.37275,0.0654,2
1911,0.2984,0.2642,2
1929,0.28805,0.0233,2
1932,0.0076,0.0841,1
1935,0.86405,0.95825,3
1930,0.8385,0.3791,2
1933,0.1787,0.283,2
1931,0.0828,0.45815,3
1934,0.65845,0.6492,3
1936,0.7248,0.37345,2
1938,0.50725,0.17925,1
1939,0.6531,0.91755,1
1937,0.7765,0.3643,2
1940,0.32475,0.308,1
1941,0.9729,0.75225,2
1943,0.88175,0.9827,2
1944,0.37875,0.10135,2
1942,0.59045,0.4311,2
1928,0.0495,0.3463,2
1946,0.87085,0.9781,2
1947,0.4042,0.33995,3
1945,0.00125,0.01315,2
1948,0.284,0.34405,1
1950,0.2565,0.0916,1
1951,0.4551,0.18095,2
1949,0.83965,0.9048,2
1952,0.3718,0.49405,2
1955,0.7053,0.81785,2
1956,0.75365,0.7319,1
1954,0.33735,0.631,2
1957,0.48725,0.6918,2
1958,0.457,0.36005,2
1960,0.18395,0.22495,2
1962,0.715,0.48635,2
1959,0.8336,0.80715,1
1963,0.6993,0.6534,1
1953,0.6989,0.20005,1
1961,0.7099,0.1615,2
1964,0.24895,0.081,2
1966,0.0635,0.3789,2
1967,0.68375,0.64005,2
1969,0.82955,0.83865,2
1968,0.0804,0.0615,2
1971,0.8522,0.74635,2
1970,0.4325,0.94865,2
1974,0.30535,0.2489,2
1975,0.59665,0.4993,2
1976,0.62695,0.5464,2
1979,0.48735,0.4659,2
1973,0.42355,0.5532,2
1965,0.40945,0.0731,2
1980,0.0078,0.26945,2
1981,0.86185,0.76075,2
1982,0.4196,0.9738,1
1983,0.3533,0.5177,2
1984,0.499,0.66975,2
1985,0.30465,0.5208,2
1972,0.0054,0.0329,2
1987,0.3183,0.08805,2
1990,0.0795,0.0778,2
1989,0.6329,0.8086,2
1991,0.98315,0.9798,1
1988,0.71405,0.99415,3
1993,0.60965,0.06955,2
1986,0.6096,0.87125,2
1992,0.1336,0.55695,1
1994,0.58595,0.5371,2
1995,0.30865,0.1667,2
1996,0.5965,0.0159,2
1998,0.9293,0.796,2
1997,0.7976,0.87265,2
1999,0.93255,0.8952,2
2000,0.8159,0.5177,1
1977,0.12885,0.5604,2
1978,0.0059,0.12595,2
2001,0.2556,0.31755,3
2003,0.16035,0.37845,2
2002,0.13805,0.66315,2
2004,0.0631,0.5521,3
2005,0.9386,0.3098,3
2006,0.40065,0.72765,3
2007,0.0482,0.7194,3
2008,0.401,0.8612,3
2010,0.0252,0.5254,1
2009,0.72935,0.48115,3
2014,0.3566,0.73725,3
2011,0.40915,0.89475,3
2012,0.369,0.17885,3
2013,0.67635,0.99985,3
2015,0.9399,0.16165,3
2018,0.2086,0.20865,3
2016,0.56475,0.19845,3
2017,0.6154,0.2079,3
2019,0.0204,0.2718,3
2020,0.70325,0.37545,3
2021,0.38455,0.85525,3
2022,0.77485,0.6673,3
2023,0.0076,0.96285,3
2024,0.67955,0.81615,3
2026,0.81485,0.58455,3
2025,0.4131,0.56055,3
2028,0.82295,0.7335,3
2027,0.1405,0.40005,3
2029,0.8127,0.21355,2
2032,0.8714,0.90015,3
2030,0.7717,0.1497,3
2031,0.09375,0.315,3
2034,0.66485,0.34465,3
2033,0.6899,0.68395,3
2035,0.87725,0.7118,3
2036,0.0615,0.29445,3
2041,0.7965,0.77185,3
2039,0.22795,0.2907,2
2037,0.3118,0.18185,3
2038,0.3939,0.35685,3
2040,0.5172,0.1288,3
2042,0.74325,0.2269,3
2045,0.9011,0.5318,3
2043,0.4522,0.4952,3
2046,0.97995,0.62825,3
2047,0.73105,0.50045,1
2044,0.22065,0.2309,3
2048,0.61685,0.27615,3
2049,0.06165,0.4714,3
2050,0.5018,0.93825,3
2051,0.4295,0.417,3
2052,0.97745,0.00105,3
2053,0.4579,0.41775,3
2055,0.3231,0.71275,3
2054,0.62435,0.1506,3
2056,0.38165,0.1726,3
2058,0.1852,0.1953,3
2057,0.8531,0.26375,1
2059,0.7546,0.61525,2
2060,0.69095,0.07145,3
2062,0.151,0.77825,3
2061,0.20135,0.70465,3
2063,0.6435,0.51615,3
2064,0.1352,0.6251,3
2065,0.27945,0.38685,3
2066,0.7033,0.01645,2
2067,0.443,0.43605,3
2069,0.14745,0.7547,3
2068,0.0362,0.7828,3
2070,0.6079,0.7412,3
2071,0.3543,0.68885,1
2072,0.4108,0.2856,1
2074,0.52725,0.3399,3
2076,0.87105,0.14005,2
2075,0.4587,0.05445,2
2073,0.26745,0.7216,3
2077,0.9505,0.5138,3
2078,0.7969,0.635,1
2079,0.599,0.4796,3
2081,0.7009,0.3472,1
2080,0.9041,0.7638,1
2082,0.4334,0.1698,3
2084,0.5289,0.82325,3
2083,0.3053,0.94435,3
2085,0.30965,0.27865,2
2086,0.99015,0.2228,3
2087,0.9754,0.11875,3
2089,0.41915,0.66385,3
2088,0.1534,0.2274,3
2090,0.5062,0.7664,3
2091,0.8884,0.2666,3
2093,0.4762,0.7175,3
2092,0.04315,0.5455,3
2094,0.3064,0.19145,3
2095,0.98795,0.8347,3
2096,0.0675,0.96425,3
2097,0.11495,0.80145,3
2101,0.1436,0.82065,3
2098,0.29065,0.83385,3
2100,0.31975,0.6001,3
2099,0.00565,0.7324,3
2103,0.77065,0.1545,3
2104,0.811,0.6453,3
2102,0.06445,0.93845,2
2107,0.957,0.467,3
2106,0.00015,0.73665,1
2105,0.5439,0.1468,3
2108,0.0256,0.80215,3
2110,0.9567,0.61735,3
2109,0.67165,0.62965,3
2111,0.76365,0.0882,3
2114,0.57315,0.45155,3
2113,0.09255,0.6828,3
2115,0.16555,0.83775,3
2112,0.37865,0.6059,3
2116,0.73535,0.5427,3
2117,0.30745,0.5101,3
2118,0.32395,0.901,3
2119,0.1158,0.74605,3
2120,0.13175,0.37465,3
2121,0.76765,0.91625,3
2122,0.0758,0.98295,3
2125,0.8969,0.13345,2
2124,0.73065,0.10195,1
2127,0.4914,0.6542,3
2126,0.57905,0.32805,3
2123,0.9325,0.5224,3
2128,0.81765,0.5409,3
2130,0.2534,0.9597,3
2129,0.35855,0.3972,3
2134,0.49075,0.9418,3
2131,0.64255,0.54735,3
2132,0.97765,0.0507,3
2133,0.35895,0.95945,3
2135,0.2296,0.8148,3
2136,0.37805,0.12905,3
2137,0.1222,0.63405,3
2138,0.36985,0.1625,2
2139,0.69885,0.2881,3
2140,0.45445,0.10535,3
2141,0.26395,0.7261,3
2142,0.8809,0.55265,3
2143,0.36365,0.91785,3
2145,0.1228,0.6185,3
2144,0.1065,0.18175,3
2146,0.6211,0.563,3
2147,0.7042,0.4785,3
2148,0.9079,0.59305,3
2149,0.47125,0.07195,3
2150,0.55315,0.5974,3
2151,0.83985,0.63955,3
2152,0.7855,0.3793,3
2156,0.86735,0.81375,3
2153,0.4467,0.72515,3
2154,0.12545,0.7599,3
2155,0.4526,0.61355,3
2157,0.61805,0.4496,3
2158,0.32125,0.2429,3
2159,0.7642,0.91675,3
2161,0.66035,0.6145,3
2163,0.67525,0.50925,3
2160,0.45825,0.19075,3
2162,0.4022,0.562,3
2167,0.60655,0.60575,2
2164,0.88335,0.0274,3
2166,0.24215,0.99315,3
2165,0.46055,0.5268,3
2169,0.6696,0.68145,2
2170,0.04015,0.89165,3
2168,0.95505,0.7442,3
2171,0.2124,0.6884,3
2172,0.18065,0.95565,3
2173,0.6794,0.17355,1
2174,0.31495,0.441,3
2175,0.9249,0.12775,1
2176,0.11215,0.74955,3
2177,0.30245,0.57045,3
2179,0.7359,0.80085,3
2182,0.8257,0.94435,3
2181,0.211,0.2783,3
2180,0.33215,0.81265,3
2178,0.2899,0.5664,3
2183,0.4099,0.1768,3
2184,0.6539,0.5707,3
2185,0.5704,0.77095,3
2189,0.49255,0.4141,3
2187,0.6158,0.9471,3
2186,0.6183,0.9883,3
2188,0.41145,0.07705,3
2190,0.877,0.058,3
2191,0.81635,0.17895,3
2192,0.28405,0.81425,3
2194,0.9387,0.5017,2
2193,0.10325,0.6641,3
2196,0.19815,0.17085,1
2195,0.5552,0.31915,3
2197,0.5451,0.76395,3
2200,0.79805,0.3747,3
2198,0.73195,0.32655,3
2199,0.15465,0.84185,2
2202,0.67215,0.4522,3
2201,0.04235,0.16435,3
2203,0.87935,0.14245,3
2204,0.2452,0.81545,3
2205,0.6974,0.80665,1
2206,0.6284,0.17645,3
2207,0.94275,0.21955,3
2208,0.086,0.45085,3
2209,0.77605,0.8127,3
2210,0.9224,0.9028,3
2211,0.29925,0.99325,3
2212,0.8796,0.3824,3
2214,0.49545,0.70195,1
2213,0.17905,0.97555,3
2215,0.5366,0.3928,3
2216,0.01595,0.2499,3
2217,0.2603,0.40275,3
2220,0.0861,0.2924,3
2218,0.8252,0.0458,3
2219,0.11445,0.7595,3
2221,0.9929,0.06435,3
2222,0.05795,0.6084,2
2224,0.5471,0.8128,3
2223,0.74915,0.0958,3
2225,0.38445,0.05525,3
2226,0.71135,0.85515,1
2229,0.7267,0.037,3
2228,0.25385,0.2623,1
2227,0.40365,0.29555,3
2230,0.40385,0.0817,3
2231,0.0774,0.37905,2
2233,0.37485,0.55575,3
2236,0.33315,0.14155,3
2232,0.04555,0.96865,3
2234,0.269,0.98335,3
2235,0.60835,0.35055,3
2237,0.2553,0.16975,2
2238,0.7212,0.3249,1
2239,0.69765,0.30635,3
2241,0.8594,0.23815,3
2243,0.23035,0.5218,3
2240,0.14125,0.80895,3
2242,0.74575,0.10785,3
2244,0.2796,0.50235,3
2247,0.79895,0.4103,3
2245,0.8922,0.6483,1
2249,0.83385,0.7196,3
2246,0.2911,0.54885,3
2248,0.7827,0.03225,3
2251,0.44075,0.05215,3
2250,0.1715,0.9361,3
2252,0.3002,0.37405,3
2253,0.23355,0.8135,3
2255,0.2819,0.72395,3
2257,0.6908,0.48065,2
2256,0.88235,0.9009,3
2254,0.30315,0.91505,3
2259,0.0497,0.5671,3
2258,0.9781,0.9508,3
2260,0.72715,0.17875,3
2262,0.89985,0.158,3
2261,0.5396,0.0527,3
2263,0.87955,0.3685,3
2264,0.0591,0.7532,3
2265,0.5109,0.6277,2
2266,0.0276,0.8301,1
2267,0.5002,0.77655,3
2270,0.26945,0.3045,3
2268,0.27775,0.6197,1
2269,0.0604,0.9116,3
2273,0.9725,0.1043,1
2271,0.3946,0.2789,3
2272,0.47135,0.403,3
2275,0.61845,0.8038,3
2274,0.6037,0.04665,2
2276,0.31295,0.11985,3
2279,0.681,0.04005,3
2277,0.87065,0.05235,3
2278,0.699,0.0795,3
2280,0.898,0.08065,3
2281,0.77715,0.3735,3
2282,0.77375,0.06595,3
2283,0.02645,0.6586,3
2286,0.8006,0.4582,3
2284,0.7064,0.2201,3
2285,0.90285,0.0016,3
2287,0.87785,0.23055,3
2288,0.2152,0.50705,3
2289,0.5622,0.80555,3
2292,0.8332,0.66135,1
2290,0.8388,0.4654,3
2293,0.3296,0.9502,3
2291,0.7627,0.37095,3
2295,0.2085,0.65115,3
2294,0.61165,0.8427,3
2296,0.0122,0.75635,3
2297,0.1469,0.3981,3
2298,0.26255,0.9424,3
2299,0.85285,0.14755,3
2300,0.26035,0.24685,3
2303,0.2271,0.13565,1
2301,0.65855,0.7104,3
2302,0.7796,0.5142,3
2305,0.01635,0.52935,3
2304,0.9214,0.00085,3
2307,0.59035,0.6943,3
2308,0.2442,0.56305,2
2306,0.46315,0.437,3
2310,0.0819,0.98685,3
2309,0.5931,0.4697,3
2311,0.97985,0.36625,3
2313,0.49945,0.601,3
2312,0.5211,0.5169,3
2315,0.54065,0.0386,3
2316,0.1523,0.78465,3
2314,0.8429,0.4381,3
2317,0.5032,0.2473,3
2321,0.4518,0.48585,3
2318,0.5524,0.1597,3
2322,0.8135,0.5587,3
2320,0.23645,0.3393,3
2319,0.40795,0.17005,3
2324,0.09165,0.91825,3
2323,0.34655,0.8982,3
2328,0.43385,0.03395,3
2326,0.74725,0.03645,3
2325,0.53025,0.6343,3
2327,0.5723,0.2646,3
2329,0.97665,0.7195,3
2331,0.62185,0.3962,2
2330,0.4333,0.09515,3
2332,0.8892,0.69665,1
2333,0.0915,0.71045,3
2334,0.5611,0.4093,3
2335,0.3624,0.80085,3
2336,0.9447,0.72375,3
2337,0.9616,0.2,3
2338,0.56145,0.5912,1
2340,0.87735,0.959,3
2339,0.36835,0.8496,3
2342,0.83285,0.1192,3
2343,0.18205,0.17075,3
2345,0.4298,0.8051,1
2341,0.1924,0.2637,3
2344,0.0738,0.85995,3
2346,0.08855,0.47215,3
2347,0.7039,0.0371,3
2350,0.1579,0.58885,3
2348,0.0428,0.7712,3
2349,0.3767,0.6838,3
2351,0.99715,0.519,3
2352,0.4904,0.89635,3
2353,0.6636,0.92095,3
2354,0.41335,0.05255,3
2356,0.8135,0.0475,3
2355,0.6917,0.1035,3
2357,0.13405,0.0229,3
2358,0.58145,0.5759,3
2362,0.07475,0.54175,3
2359,0.0225,0.71305,3
2360,0.1158,0.62715,2
2361,0.9179,0.1786,3
2363,0.8728,0.83295,3
2365,0.0599,0.7821,3
2364,0.635,0.9613,3
2366,0.7038,0.6213,3
2368,0.47515,0.13155,1
2367,0.2261,0.284,2
2369,0.7746,0.91225,3
2370,0.24315,0.99955,3
2373,0.40555,0.8862,3
2374,0.67805,0.64865,3
2371,0.36025,0.2543,1
2372,0.68245,0.505,3
2375,0.05835,0.8875,2
2376,0.6286,0.4422,3
2378,0.8464,0.89005,3
2377,0.7259,0.199,3
2379,0.5347,0.4237,3
2380,0.7581,0.1751,3
2381,0.2234,0.6096,3
2382,0.0165,0.9692,3
2383,0.66455,0.6764,3
2385,0.7339,0.14705,3
2384,0.65595,0.4638,3
2387,0.49645,0.58615,2
2386,0.4082,0.52035,3
2389,0.84635,0.954,3
2388,0.22825,0.67495,3
2392,0.45545,0.64195,3
2390,0.4615,0.6362,3
2393,0.4386,0.7612,3
2391,0.31025,0.08995,3
2394,0.21625,0.14865,3
2395,0.34805,0.5118,3
2396,0.27155,0.91455,3
2399,0.05795,0.87075,3
2398,0.7865,0.98745,3
2397,0.06375,0.2325,3
2401,0.89945,0.3514,3
2400,0.92895,0.27695,3
2402,0.82065,0.8002,3
2403,0.27415,0.2737,3
2404,0.98325,0.2853,3
2405,0.3233,0.6382,3
2406,0.1338,0.67965,3
2408,0.564,0.9477,3
2407,0.48145,0.0384,3
2409,0.53015,0.68595,3
2411,0.5585,0.6935,3
2412,0.48,0.201,1
2410,0.3465,0.0917,3
2415,0.91055,0.0844,3
2414,0.93465,0.0014,3
2413,0.94475,0.685,3
2416,0.0235,0.8034,3
2418,0.92785,0.49795,3
2419,0.23525,0.639,3
2417,0.0056,0.7158,3
2422,0.34045,0.8312,3
2423,0.13595,0.3437,3
2420,0.2472,0.6982,3
2421,0.7917,0.8092,3
2424,0.64405,0.098,3
2425,0.41765,0.3831,1
2426,0.8866,0.8498,3
2427,0.53605,0.2329,3
2429,0.9585,0.51535,3
2428,0.901,0.39465,3
2430,0.1507,0.93165,3
2431,0.61125,0.12,3
2432,0.93975,0.58215,2
2434,0.91635,0.37085,3
2433,0.36685,0.2291,3
2435,0.95755,0.3026,3
2437,0.1872,0.078,1
2436,0.77675,0.37795,3
2438,0.50955,0.8873,3
2439,0.5618,0.7754,3
2442,0.97185,0.02415,3
2441,0.6777,0.4887,3
2440,0.0689,0.29615,3
2443,0.82665,0.42335,3
2444,0.0656,0.8608,3
2445,0.90325,0.8877,3
2446,0.49735,0.16735,3
2449,0.15565,0.5877,3
2448,0.92135,0.8458,3
2447,0.30975,0.52705,3
2451,0.75465,0.3225,3
2450,0.00025,0.86265,3
2454,0.0952,0.9641,3
2453,0.23865,0.70225,3
2457,0.44425,0.6711,3
2452,0.4347,0.5996,3
2458,0.341,0.6965,3
2455,0.8234,0.5348,3
2456,0.5282,0.1554,3
2459,0.2112,0.15765,3
2462,0.355,0.8147,3
2460,0.6938,0.2051,3
2463,0.0507,0.25955,3
2464,0.5782,0.91355,3
2461,0.7043,0.1269,3
2465,0.10815,0.92755,3
2466,0.85035,0.15765,3
2469,0.7234,0.31805,3
2468,0.82715,0.28155,3
2467,0.23035,0.5562,3
2470,0.8683,0.23385,3
2471,0.46485,0.6633,3
2472,0.33405,0.45355,1
2473,0.08075,0.161,3
2474,0.36235,0.3753,3
2475,0.1857,0.96065,3
2476,0.24295,0.89175,3
2477,0.15,0.3008,3
2478,0.035,0.57915,3
2479,0.08745,0.8943,3
2480,0.6187,0.4208,3
2483,0.46435,0.4227,3
2481,0.12045,0.8019,3
2482,0.6865,0.0883,1
2486,0.5768,0.22785,1
2484,0.1998,0.7947,3
2485,0.8338,0.3248,3
2490,0.31885,0.6241,3
2487,0.35035,0.4236,1
2488,0.43485,0.75325,3
2489,0.9641,0.5387,3
2492,0.87305,0.81015,3
2491,0.8711,0.05105,1
2493,0.2632,0.8944,3
2494,0.3011,0.26885,3
2496,0.4121,0.1953,3
2498,0.8684,0.1125,3
2495,0.4617,0.91995,3
2497,0.72085,0.219,3
2499,0.27315,0.16515,2
2500,0.58595,0.6963,3
2501,0.0142,0.89735,3
2502,0.9701,0.1368,2
2503,0.2356,0.7985,3
2504,0.288,0.34565,3
2505,0.5778,0.503,3
2507,0.30285,0.6803,3
2506,0.68875,0.02135,3
2508,0.9476,0.50835,2
2509,0.92715,0.6271,3
2512,0.68155,0.0216,3
2511,0.9813,0.27195,3
2510,0.8474,0.27815,3
2514,0.8317,0.27785,3
2513,0.1429,0.84665,3
2515,0.907,0.9248,3
2517,0.498,0.92195,3
2516,0.8421,0.7212,3
2518,0.818,0.0048,3
2519,0.31185,0.138,3
2520,0.2855,0.2396,3
2523,0.03445,0.6632,3
2521,0.2643,0.9807,3
2525,0.58045,0.22805,1
2522,0.8442,0.6415,3
2524,0.04885,0.73245,2
2526,0.66,0.09725,3
2527,0.5558,0.4509,3
2528,0.20915,0.5095,2
2529,0.2793,0.69215,3
2530,0.88965,0.30225,3
2531,0.1809,0.73905,3
2533,0.9427,0.0311,3
2532,0.7449,0.5477,3
2534,0.8808,0.0726,3
2535,0.3681,0.75785,3
2536,0.7109,0.48235,3
2537,0.00335,0.812,3
2538,0.49775,0.4639,3
2539,0.0372,0.7759,1
2540,0.20005,0.6149,1
2541,0.2393,0.0358,3
2542,0.27255,0.38245,3
2545,0.9925,0.58765,3
2543,0.99725,0.36285,3
2544,0.31185,0.79865,2
2546,0.65075,0.17325,3
2548,0.9932,0.4925,3
2549,0.2944,0.22025,1
2551,0.4603,0.94265,3
2547,0.8457,0.77145,3
2550,0.9819,0.49935,3
2552,0.51485,0.32955,3
2553,0.64465,0.44715,3
2554,0.124,0.6435,2
2555,0.2106,0.50135,1
2556,0.00445,0.9566,3
2557,0.3968,0.0529,3
2560,0.30305,0.5879,3
2559,0.2222,0.3835,3
2558,0.45305,0.5306,3
2561,0.91655,0.60815,3
2563,0.72885,0.0071,3
2562,0.51925,0.61945,3
2564,0.4457,0.357,3
2568,0.72535,0.3091,3
2566,0.97825,0.10245,3
2567,0.97495,0.3632,3
2565,0.65945,0.6962,3
2569,0.0697,0.8745,3
2570,0.55775,0.37245,3
2571,0.7361,0.74235,3
2574,0.16535,0.1806,3
2575,0.23835,0.29835,3
2572,0.1655,0.36895,3
2573,0.66135,0.23055,3
2580,0.3163,0.4848,3
2576,0.2189,0.9838,3
2577,0.1421,0.3528,3
2578,0.5311,0.36285,3
2579,0.19565,0.3032,3
2581,0.94,0.63295,3
2582,0.19085,0.56395,3
2583,0.07275,0.88055,3
2586,0.0114,0.9105,3
2584,0.77095,0.70185,3
2585,0.65595,0.55195,3
2587,0.07735,0.7537,1
2588,0.1547,0.7853,3
2589,0.70335,0.10225,3
2590,0.58315,0.7056,3
2591,0.99585,0.47485,3
2592,0.5844,0.1905,3
2594,0.1931,0.5892,3
2593,0.706,0.16005,3
2595,0.2982,0.28135,2
2596,0.50225,0.11405,3
2597,0.729,0.2555,3
2601,0.16015,0.7929,3
2599,0.2648,0.2315,3
2598,0.2866,0.1105,3
2602,0.9263,0.29895,3
2600,0.3707,0.8157,3
2603,0.4065,0.6988,3
2606,0.2493,0.26415,3
2605,0.9868,0.87105,3
2604,0.2628,0.8154,3
2607,0.10595,0.99495,3
2610,0.4798,0.87745,3
2609,0.47235,0.72925,3
2608,0.1472,0.8967,3
2611,0.6585,0.8061,3
2612,0.8294,0.1581,1
2613,0.13115,0.9654,3
2615,0.5266,0.4895,1
2614,0.2807,0.7635,3
2616,0.61805,0.0299,3
2617,0.89505,0.04565,1
2621,0.9648,0.22035,2
2618,0.1984,0.80115,3
2619,0.9145,0.5874,3
2620,0.7007,0.89955,3
2624,0.0049,0.9111,3
2623,0.322,0.4977,3
2622,0.40795,0.0977,3
2627,0.50105,0.32265,3
2625,0.3182,0.6566,3
2626,0.8702,0.2973,3
2628,0.61795,0.203,3
2629,0.68495,0.99855,3
2630,0.54625,0.7599,3
2631,0.44235,0.85955,3
2632,0.56815,0.1176,3
2633,0.8383,0.19755,3
2634,0.2823,0.2009,2
2635,0.18215,0.49755,2
2637,0.525,0.75135,3
2636,0.85615,0.0677,1
2638,0.7474,0.59595,3
2639,0.3014,0.8877,3
2640,0.4827,0.61655,3
2641,0.5044,0.2665,3
2643,0.2109,0.7214,3
2642,0.2274,0.60615,3
2644,0.1777,0.42705,3
2645,0.67895,0.3584,3
2647,0.81995,0.19355,3
2648,0.11505,0.37745,3
2646,0.62235,0.22735,3
2649,0.9563,0.43355,3
2650,0.81115,0.3911,3
2651,0.31695,0.0173,3
2655,0.3829,0.5726,3
2652,0.0314,0.49825,2
2653,0.4832,0.7264,3
2654,0.3559,0.61175,3
2657,0.71015,0.88265,3
2656,0.87075,0.2752,2
2658,0.6089,0.1552,3
2660,0.6145,0.7198,3
2659,0.52755,0.24785,3
2662,0.83685,0.1826,3
2664,0.0181,0.4924,3
2661,0.8706,0.2289,3
2663,0.56115,0.5216,3
2665,0.63315,0.89945,3
2670,0.656,0.1845,2
2667,0.83565,0.8697,2
2668,0.06575,0.6925,3
2669,0.1477,0.8437,3
2666,0.7404,0.9732,3
2671,0.9069,0.17885,3
2672,0.30005,0.4673,3
2674,0.97455,0.0514,3
2673,0.2408,0.0124,3
2675,0.18235,0.0401,3
2677,0.3003,0.1858,3
2676,0.72865,0.5041,3
2678,0.3834,0.78295,3
2679,0.3027,0.561,3
2680,0.2661,0.5076,1
2682,0.22505,0.16915,3
2681,0.13145,0.39705,3
2683,0.7876,0.3531,1
2684,0.5187,0.9754,3
2685,0.72675,0.4729,3
2688,0.5149,0.66975,3
2686,0.92155,0.40175,3
2687,0.45505,0.0029,3
2690,0.47345,0.252,3
2689,0.25025,0.80085,3
2692,0.44585,0.71305,3
2694,0.036,0.26805,3
2691,0.2161,0.8969,3
2693,0.83405,0.0257,3
2695,0.8486,0.1083,1
2696,0.6034,0.6064,3
2697,0.8006,0.15525,1
2698,0.27425,0.69465,3
2700,0.3177,0.6515,3
2701,0.5172,0.7953,3
2699,0.54635,0.08455,1
2703,0.4461,0.7487,3
2702,0.77985,0.807,3
2704,0.9797,0.924,3
2705,0.66705,0.47625,3
2708,0.02245,0.975,2
2706,0.04035,0.65475,2
2707,0.7424,0.6988,3
2711,0.22255,0.71275,3
2709,0.4886,0.0336,3
2710,0.80025,0.7084,3
2712,0.01595,0.4234,3
2713,0.08615,0.9237,2
2714,0.89935,0.46075,3
2718,0.371,0.49285,3
2715,0.05265,0.3804,3
2716,0.6439,0.6073,3
2717,0.69555,0.84845,3
2719,0.9798,0.36925,3
2720,0.5396,0.2629,3
2723,0.4359,0.59465,3
2722,0.36765,0.2734,3
2721,0.1912,0.20105,3
2724,0.6276,0.49185,3
2725,0.6275,0.0351,3
2727,0.19855,0.7913,3
2728,0.2442,0.4213,3
2726,0.522,0.28615,3
2730,0.1023,0.54175,3
2731,0.06935,0.44485,3
2729,0.16415,0.2849,3
2735,0.5774,0.3398,3
2732,0.10425,0.11005,3
2733,0.275,0.59695,2
2734,0.3365,0.3432,3
2736,0.73665,0.82985,3
2737,0.83615,0.7944,3
2739,0.9102,0.57495,3
2738,0.4448,0.49245,3
2740,0.819,0.1211,3
2741,0.71735,0.9419,3
2742,0.4494,0.57395,3
2745,0.4994,0.23995,3
2743,0.39555,0.1735,3
2744,0.7205,0.85825,3
2747,0.5813,0.6502,3
2746,0.01395,0.9036,3
2748,0.29805,0.8475,3
2749,0.7868,0.8943,3
2750,0.12585,0.5628,3
2751,0.7262,0.20105,3
2754,0.66125,0.0698,3
2752,0.47915,0.26725,1
2756,0.2333,0.67565,3
2753,0.8952,0.33965,3
2755,0.2586,0.65355,3
2757,0.9512,0.37735,3
2760,0.09705,0.2023,3
2758,0.81765,0.0716,3
2759,0.3474,0.53925,3
2764,0.70095,0.4913,2
2761,0.8355,0.08965,3
2762,0.896,0.2196,1
2763,0.04585,0.75805,3
2765,0.75145,0.76365,3
2768,0.2981,0.41835,3
2767,0.02725,0.6951,3
2766,0.8242,0.65465,3
2769,0.27535,0.73985,3
2771,0.1391,0.4937,2
2770,0.82035,0.74615,3
2772,0.7962,0.35525,2
2773,0.4747,0.16435,3
2776,0.88225,0.6502,1
2774,0.43195,0.96765,3
2777,0.1537,0.86105,3
2775,0.42095,0.0857,3
2778,0.5358,0.90235,3
2779,0.8434,0.0568,3
2781,0.15325,0.94015,3
2783,0.7971,0.6767,3
2782,0.3332,0.23795,3
2780,0.86325,0.8548,3
2785,0.97135,0.0017,3
2784,0.849,0.2517,3
2786,0.14,0.75495,3
2787,0.655,0.07065,3
2788,0.97505,0.27825,3
2790,0.4001,0.9832,3
2789,0.1493,0.0143,3
2791,0.977,0.31525,3
2792,0.0296,0.99075,2
2793,0.9473,0.1545,3
2795,0.169,0.31305,2
2794,0.54915,0.31935,3
2796,0.4052,0.24675,3
2798,0.27825,0.4614,3
2797,0.6591,0.51675,1
2799,0.01265,0.87255,3
2800,0.05145,0.9452,3
2802,0.93885,0.0541,3
2801,0.9138,0.4849,3
2805,0.1954,0.51935,3
2803,0.2804,0.2564,1
2804,0.63945,0.0135,3
2806,0.74855,0.3491,3
2807,0.8466,0.74285,3
2809,0.7272,0.76455,3
2808,0.0151,0.76855,3
2810,0.9389,0.49515,1
2811,0.2907,0.2319,3
2812,0.07355,0.75385,1
2815,0.25125,0.6367,3
2814,0.0596,0.9746,3
2813,0.76455,0.78785,3
2817,0.7021,0.6413,3
2816,0.0385,0.8911,3
2818,0.6565,0.41565,3
2819,0.6279,0.50545,3
2820,0.82475,0.1769,3
2821,0.57065,0.73185,3
2822,0.03165,0.3084,3
2823,0.68845,0.0028,3
2825,0.9676,0.3449,3
2824,0.7245,0.7273,3
2827,0.7473,0.1978,3
2829,0.9221,0.8593,3
2826,0.81955,0.00285,3
2828,0.5315,0.85885,2
2830,0.51095,0.30885,3
2832,0.71755,0.4329,3
2831,0.41965,0.45735,3
2835,0.69025,0.24055,1
2833,0.2172,0.4754,3
2834,0.79385,0.52525,3
2836,0.72055,0.2671,3
2838,0.8047,0.498,3
2837,0.6604,0.39825,3
2840,0.59225,0.7675,2
2839,0.0937,0.433,3
2843,0.77295,0.7298,3
2841,0.87105,0.17695,3
2842,0.09315,0.61435,1
2846,0.1787,0.4389,3
2844,0.70755,0.03735,3
2845,0.10295,0.41,3
2847,0.51585,0.51115,3
2848,0.4439,0.6115,3
2850,0.9129,0.56395,1
2849,0.1875,0.53935,1
2852,0.3315,0.37385,3
2851,0.8642,0.3546,1
2854,0.3371,0.47065,3
2853,0.6732,0.4711,1
2856,0.76305,0.0255,3
2857,0.4501,0.7003,3
2855,0.57865,0.82665,3
2859,0.6627,0.21075,3
2860,0.513,0.3523,3
2858,0.30925,0.02715,3
2863,0.6307,0.08575,3
2864,0.3899,0.4997,3
2861,0.3949,0.0192,3
2862,0.61185,0.8247,3
2865,0.6699,0.65215,3
2869,0.8554,0.11415,1
2868,0.9743,0.10765,3
2866,0.6325,0.39615,3
2867,0.94615,0.36165,2
2870,0.0922,0.5701,3
2871,0.1804,0.83195,3
2872,0.92455,0.6545,3
2874,0.61305,0.9013,3
2875,0.93515,0.873,3
2873,0.98035,0.24425,3
2876,0.51975,0.6961,1
2877,0.506,0.034,3
2878,0.759,0.6694,3
2879,0.51995,0.16175,3
2882,0.31645,0.43225,1
2881,0.7368,0.5471,3
2883,0.35875,0.77945,3
2880,0.85455,0.0769,2
2884,0.2161,0.50095,3
2885,0.79195,0.26985,3
2886,0.99855,0.46145,3
2887,0.59195,0.1906,3
2888,0.6723,0.58655,3
2889,0.02055,0.5701,3
2890,0.582,0.35265,2
2891,0.9137,0.1429,3
2893,0.6917,0.1468,3
2892,0.62375,0.0739,3
2894,0.7257,0.0078,1
2895,0.5089,0.5602,3
2897,0.5396,0.29255,3
2896,0.96745,0.2303,3
2898,0.68745,0.54255,3
2900,0.08685,0.2348,3
2899,0.05145,0.2712,3
2902,0.2055,0.1757,2
2901,0.4939,0.9709,3
2905,0.3349,0.67105,2
2904,0.6487,0.8523,3
2903,0.9535,0.86695,3
2906,0.6316,0.62925,3
2907,0.7652,0.2458,2
2911,0.2967,0.8317,1
2908,0.0483,0.95335,3
2909,0.5826,0.144,2
2910,0.09205,0.56055,3
2912,0.5973,0.3935,3
2913,0.44385,0.3295,3
2914,0.98045,0.83265,2
2918,0.0118,0.84405,2
2919,0.06285,0.84305,3
2915,0.52275,0.02365,3
2916,0.5388,0.4821,3
2917,0.15765,0.64285,3
2920,0.0123,0.85905,3
2923,0.48635,0.25535,3
2926,0.9353,0.74145,3
2922,0.92155,0.86365,3
2924,0.48955,0.42085,3
2921,0.3827,0.32755,1
2925,0.54085,0.6947,3
2927,0.24635,0.6733,3
2929,0.99925,0.1098,3
2928,0.3316,0.5132,3
2932,0.1574,0.47505,3
2931,0.50705,0.2091,3
2930,0.40475,0.08455,3
2933,0.421,0.384,3
2934,0.49615,0.9778,2
2935,0.50705,0.6243,3
2937,0.4411,0.86295,1
2938,0.0249,0.8721,2
2936,0.867,0.22635,3
2941,0.48525,0.1543,3
2939,0.50445,0.22225,3
2940,0.76835,0.43745,3
2945,0.89765,0.044,1
2944,0.6668,0.29115,3
2947,0.29015,0.3166,2
2942,0.1792,0.69095,3
2943,0.76125,0.21625,3
2946,0.233,0.87665,3
2948,0.0542,0.3922,4
2953,0.82735,0.7282,3
2949,0.4326,0.7448,3
2952,0.4772,0.745,3
2951,0.7728,0.5035,1
2950,0.1971,0.1449,3
2955,0.1833,0.6503,3
2954,0.23165,0.9637,3
2956,0.9858,0.1904,1
2958,0.72055,0.68595,3
2959,0.8956,0.49555,3
2957,0.0784,0.58855,3
2960,0.179,0.73015,3
2961,0.94225,0.4754,3
2962,0.89225,0.39195,3
2963,0.43425,0.5515,3
2965,0.4851,0.13805,1
2964,0.2204,0.6082,3
2968,0.33095,0.12105,3
2966,0.80975,0.0816,3
2967,0.93855,0.78425,3
2969,0.0183,0.2844,3
2970,0.1792,0.9535,3
2971,0.2853,0.7776,3
2972,0.87685,0.54005,3
2973,0.0068,0.8701,3
2975,0.6043,0.16735,2
2974,0.4649,0.4711,3
2977,0.07085,0.486,3
2976,0.41595,0.52065,3
2978,0.04795,0.9936,3
2979,0.35515,0.2914,3
2981,0.4573,0.2165,3
2980,0.39935,0.15655,3
2982,0.0073,0.9432,3
2983,0.02135,0.61265,3
2984,0.3192,0.45675,2
2985,0.32285,0.7452,2
2986,0.8244,0.4995,1
2987,0.15005,0.59185,3
2988,0.922,0.32255,3
2989,0.5331,0.71565,3
2991,0.8785,0.78305,3
2990,0.02205,0.2818,2
2992,0.5896,0.4536,3
2993,0.13285,0.92325,3
2995,0.76965,0.4694,3
2994,0.4585,0.92815,3
2996,0.5193,0.5472,3
2998,0.01385,0.8507,3
2999,0.33925,0.59265,3
2997,0.7861,0.18245,3
3000,0.77815,0.43455,3
3005,0.8739,0.82345,4
3002,0.54035,0.1812,4
3003,0.37875,0.57125,4
3010,0.51695,0.71595,4
3001,0.0043,0.225,4
3012,0.428,0.1913,4
3004,0.91785,0.6586,4
3006,0.85255,0.97705,4
3007,0.57625,0.6568,4
3015,0.8486,0.67235,4
3009,0.9437,0.2741,4
3008,0.99135,0.35745,4
3018,0.5658,0.85345,4
3013,0.07165,0.0145,4
3011,0.21415,0.60015,4
3014,0.68065,0.5304,4
3017,0.32265,0.05325,4
3024,0.92955,0.1535,4
3016,0.5622,0.1318,4
3020,0.7278,0.44535,4
3019,0.11055,0.85945,4
3022,0.10555,0.12755,4
3026,0.26905,0.1767,4
3025,0.55835,0.73345,4
3029,0.1454,0.07025,4
3028,0.6,0.26385,4
3021,0.96625,0.34235,4
3031,0.96235,0.5258,4
3023,0.4293,0.17275,4
3035,0.2115,0.14205,4
3033,0.126,0.18135,4
3027,0.38325,0.1344,4
3032,0.1414,0.4182,4
3040,0.22015,0.60615,4
3030,0.57935,0.8822,4
3038,0.96785,0.39375,4
3043,0.70255,0.44415,4
3034,0.72895,0.36025,4
3039,0.4733,0.1857,4
3044,0.2716,0.49965,4
3036,0.53735,0.6605,4
3046,0.2873,0.961,4
3042,0.6087,0.45155,4
3037,0.1633,0.2545,4
3049,0.9352,0.21815,4
3041,0.85115,0.142,4
3050,0.18475,0.7111,4
3047,0.023,0.85005,4
3045,0.2065,0.37235,4
3056,0.0996,0.3712,4
3048,0.2465,0.77975,4
3053,0.80305,0.23935,4
3052,0.1935,0.1962,4
3051,0.33105,0.88125,4
3059,0.9358,0.92055,4
3061,0.6221,0.26675,4
3063,0.1651,0.56265,4
3064,0.1875,0.14555,4
3055,0.8815,0.5627,4
3057,0.5226,0.59515,4
3054,0.60435,0.5306,4
3066,0.04495,0.33225,4
3069,0.6073,0.04605,4
3060,0.9039,0.80215,4
3058,0.0844,0.0538,4
3071,0.6884,0.78705,4
3062,0.7497,0.1192,4
3072,0.26705,0.28165,4
3065,0.0937,0.84045,4
3068,0.0874,0.7416,4
3067,0.7807,0.63735,4
3078,0.761,0.73475,4
3070,0.62465,0.80445,4
3076,0.73545,0.23605,4
3075,0.7172,0.1136,4
3080,0.05285,0.83075,4
3083,0.58,0.87645,4
3073,0.6333,0.36925,4
3085,0.88535,0.5585,4
3077,0.7499,0.84405,4
3087,0.41965,0.56395,4
3074,0.52575,0.833,4
3079,0.41975,0.92655,4
3089,0.02035,0.5606,4
3082,0.7808,0.70905,4
3090,0.8595,0.4692,4
3084,0.828,0.29055,4
3081,0.0185,0.4082,4
3095,0.8218,0.92475,4
3092,0.0661,0.88915,4
3086,0.97705,0.36515,4
3098,0.582,0.0975,4
3094,0.23245,0.23785,4
3093,0.5825,0.9197,4
3088,0.6648,0.2727,4
3102,0.7085,0.59735,4
3091,0.51765,0.97375,4
3096,0.81435,0.0627,4
3097,0.27235,0.07285,4
3099,0.85215,0.9971,4
3104,0.36905,0.5727,4
3100,0.3288,0.0432,4
3103,0.96045,0.7038,4
3101,0.3498,0.08575,4
3106,0.61315,0.9333,4
3110,0.53625,0.3451,4
3105,0.93245,0.03895,4
3107,0.514,0.07595,4
3108,0.8754,0.16525,4
3109,0.5589,0.4488,4
3111,0.8434,0.38325,4
3117,0.4697,0.8343,4
3112,0.23435,0.52375,4
3113,0.7592,0.35315,4
3114,0.086,0.6104,4
3115,0.66,0.98755,4
3123,0.26285,0.8683,4
3120,0.45565,0.2343,4
3116,0.1921,0.5974,4
3118,0.99285,0.54765,4
3127,0.1138,0.0328,4
3119,0.0027,0.1346,4
3121,0.7513,0.9815,4
3124,0.3316,0.70445,4
3122,0.7514,0.9074,4
3130,0.29285,0.4819,4
3133,0.0163,0.27595,4
3125,0.0261,0.01495,4
3135,0.65985,0.4455,4
3126,0.856,0.44625,4
3128,0.1397,0.058,4
3129,0.2796,0.6375,4
3131,0.35185,0.1907,4
3138,0.3773,0.68525,4
3132,0.661,0.9077,4
3142,0.6381,0.1858,4
3134,0.5991,0.99505,4
3137,0.266,0.565,4
3136,0.435,0.70275,4
3144,0.64175,0.05075,4
3140,0.2902,0.08775,4
3141,0.07225,0.73325,4
3147,0.3461,0.68595,4
3148,0.22845,0.17785,4
3150,0.62145,0.97285,4
3143,0.87235,0.4889,4
3153,0.5149,0.77045,4
3154,0.7723,0.1305,4
3155,0.7845,0.41415,4
3156,0.5848,0.1947,4
3139,0.6469,0.5303,4
3145,0.82965,0.62285,4
3158,0.42995,0.73685,4
3146,0.63145,0.3555,4
3152,0.8605,0.5491,4
3151,0.5983,0.7358,4
3149,0.3508,0.5285,4
3164,0.402,0.32825,4
3157,0.70005,0.7413,4
3166,0.37645,0.13705,4
3159,0.9491,0.09725,4
3160,0.36675,0.6196,4
3168,0.9287,0.235,4
3161,0.4324,0.24485,4
3162,0.5882,0.00315,4
3163,0.44865,0.40425,4
3170,0.2011,0.63695,4
3174,0.99685,0.54055,4
3173,0.8057,0.6417,4
3175,0.92135,0.5682,4
3165,0.88585,0.5735,4
3167,0.69915,0.2818,4
3169,0.9088,0.0985,4
3171,0.83455,0.88035,4
3180,0.4342,0.5293,4
3181,0.47785,0.64485,4
3172,0.5185,0.185,4
3176,0.5698,0.3095,4
3177,0.15955,0.3574,4
3178,0.5881,0.85305,4
3179,0.2242,0.47995,4
3182,0.77795,0.81805,4
3183,0.72205,0.93845,4
3184,0.2627,0.03505,4
3185,0.7825,0.02025,4
3186,0.75225,0.2358,4
3193,0.27635,0.9612,4
3194,0.7119,0.2072,4
3187,0.62735,0.00955,4
3188,0.5076,0.73965,4
3189,0.49665,0.48335,4
3190,0.45905,0.61805,4
3191,0.1298,0.3274,4
3199,0.2784,0.24665,4
3200,0.71055,0.7789,4
3192,0.2875,0.42195,4
3196,0.7778,0.57475,4
3195,0.28505,0.36125,4
3201,0.35815,0.1837,4
3197,0.24305,0.53985,4
3203,0.9157,0.63735,4
3198,0.08605,0.54045,4
3209,0.0841,0.53155,4
3202,0.3404,0.18005,4
3205,0.6927,0.0255,4
3204,0.0296,0.56255,4
3212,0.50335,0.1836,4
3206,0.24865,0.78355,4
3211,0.85465,0.60135,4
3215,0.5824,0.7077,4
3207,0.98235,0.4139,4
3208,0.18595,0.7441,4
3218,0.3313,0.5444,4
3217,0.5219,0.1884,4
3210,0.76165,0.33675,4
3214,0.89865,0.7579,4
3213,0.9369,0.08815,4
3216,0.2748,0.8163,4
3219,0.67445,0.29135,4
3223,0.17675,0.06845,4
3220,0.02835,0.1506,4
3228,0.70405,0.29315,4
3229,0.0886,0.9826,4
3221,0.75615,0.3035,4
3231,0.33175,0.4203,4
3232,0.6613,0.52775,4
3222,0.5306,0.4555,4
3225,0.36685,0.5915,4
3224,0.98395,0.684,4
3236,0.7454,0.71785,4
3237,0.3171,0.7163,4
3227,0.6051,0.43795,4
3226,0.343,0.6111,4
3230,0.0841,0.19395,4
3233,0.1961,0.6788,4
3234,0.20715,0.3686,4
3238,0.1314,0.72585,4
3235,0.9498,0.0637,4
3239,0.748,0.21895,4
3240,0.8211,0.03555,4
3241,0.7817,0.39515,4
3247,0.379,0.2608,4
3249,0.6802,0.8431,4
3242,0.7383,0.8196,4
3243,0.9804,0.0233,4
3252,0.7524,0.7657,4
3245,0.01865,0.08645,4
3246,0.03805,0.31995,4
3250,0.5563,0.76785,4
3255,0.41505,0.70605,4
3256,0.3897,0.2299,4
3251,0.69785,0.10195,4
3248,0.4943,0.12175,4
3259,0.4935,0.1595,4
3260,0.39705,0.7547,4
3261,0.5524,0.9943,4
3253,0.8529,0.83035,4
3244,0.06085,0.5728,4
3264,0.9133,0.49485,4
3254,0.2024,0.01925,4
3258,0.1621,0.83285,4
3257,0.4514,0.4718,4
3262,0.49615,0.14295,4
3266,0.49885,0.38955,4
3270,0.6106,0.5961,4
3263,0.00965,0.58445,4
3265,0.53555,0.61255,4
3267,0.15825,0.2592,4
3268,0.02295,0.4377,4
3269,0.7697,0.8158,4
3277,0.2255,0.7073,4
3278,0.3032,0.4242,4
3275,0.69045,0.63025,4
3279,0.14975,0.4429,4
3274,0.1095,0.5897,4
3271,0.96245,0.938,4
3272,0.2589,0.736,4
3283,0.56495,0.5495,4
3273,0.45535,0.6047,4
3286,0.21415,0.40335,4
3284,0.9313,0.40945,4
3276,0.384,0.54215,4
3280,0.42685,0.1106,4
3281,0.80305,0.5471,4
3285,0.6984,0.41425,4
3282,0.309,0.6763,4
3287,0.55465,0.78635,4
3288,0.0363,0.3986,4
3289,0.6265,0.41755,4
3290,0.8619,0.0942,4
3291,0.6887,0.4797,4
3295,0.32755,0.4096,4
3293,0.0402,0.6247,4
3296,0.31535,0.4072,4
3300,0.93825,0.0558,4
3292,0.3562,0.08065,4
3301,0.52015,0.8178,4
3294,0.6951,0.559,4
3303,0.3908,0.02465,4
3297,0.11955,0.64645,4
3298,0.71145,0.71525,4
3306,0.24715,0.7315,4
3299,0.8733,0.62445,4
3302,0.6592,0.7685,4
3308,0.29645,0.58925,4
3311,0.189,0.45285,4
3304,0.07215,0.0606,4
3305,0.817,0.07505,4
3312,0.08235,0.50605,4
3313,0.60895,0.13015,4
3314,0.9405,0.38915,4
3315,0.5009,0.2502,4
3318,0.22705,0.8754,4
3309,0.6363,0.7081,4
3307,0.23045,0.1685,4
3322,0.3742,0.29255,4
3310,0.78305,0.85375,4
3320,0.2059,0.50495,4
3316,0.59015,0.0161,4
3317,0.6207,0.46985,4
3319,0.3,0.6944,4
3321,0.54565,0.297,4
3323,0.1506,0.0952,4
3324,0.2059,0.6229,4
3325,0.80125,0.69815,4
3326,0.29965,0.62165,4
3327,0.71455,0.2603,4
3328,0.8537,0.45535,4
3335,0.9898,0.7654,4
3329,0.7372,0.1962,4
3330,0.00935,0.14215,4
3332,0.2845,0.0098,4
3331,0.80175,0.3302,4
3337,0.52495,0.99745,4
3334,0.3345,0.46805,4
3333,0.0312,0.3822,4
3342,0.40145,0.68455,4
3344,0.7794,0.13735,4
3336,0.6197,0.78345,4
3345,0.87235,0.3487,4
3338,0.76855,0.96325,4
3341,0.0344,0.2542,4
3339,0.95935,0.87155,4
3346,0.23625,0.30375,4
3340,0.19475,0.281,4
3347,0.88365,0.2901,4
3351,0.9907,0.02685,4
3343,0.82615,0.6154,4
3353,0.7969,0.115,4
3354,0.9997,0.5245,4
3356,0.17945,0.6359,4
3348,0.6986,0.19775,4
3349,0.7742,0.99975,4
3350,0.6185,0.6081,4
3359,0.32205,0.6708,4
3352,0.8515,0.94575,4
3362,0.6843,0.34925,4
3363,0.63605,0.37795,4
3355,0.89945,0.0838,4
3364,0.9258,0.6746,4
3367,0.99735,0.9714,4
3357,0.2704,0.31475,4
3358,0.4425,0.695,4
3370,0.7922,0.361,4
3371,0.3937,0.5882,4
3369,0.2428,0.8255,4
3373,0.121,0.83535,4
3360,0.60255,0.5541,4
3361,0.0877,0.5066,4
3366,0.8848,0.61905,4
3377,0.34805,0.9448,4
3372,0.99305,0.97225,4
3368,0.1999,0.44035,4
3365,0.9954,0.17355,4
3381,0.322,0.37505,4
3379,0.7597,0.91495,4
3380,0.5755,0.1162,4
3382,0.86155,0.5985,4
3378,0.5006,0.8054,4
3383,0.78535,0.32165,4
3374,0.72765,0.7235,4
3386,0.28905,0.12795,4
3375,0.93275,0.81785,4
3376,0.7437,0.9392,4
3391,0.82745,0.8053,4
3388,0.83665,0.7643,4
3384,0.1014,0.7539,4
3393,0.50825,0.53835,4
3385,0.578,0.79565,4
3387,0.67045,0.21665,4
3397,0.41755,0.91385,4
3389,0.22175,0.105,4
3399,0.7045,0.4267,4
3390,0.53075,0.2752,4
3392,0.7002,0.4615,4
3401,0.6076,0.93915,4
3402,0.68905,0.53305,4
3403,0.72875,0.50415,4
3394,0.2446,0.0432,4
3405,0.2641,0.97755,4
3395,0.0091,0.21005,4
3396,0.45405,0.6601,4
3409,0.872,0.9696,4
3407,0.58095,0.46865,4
3398,0.3063,0.523,4
3400,0.1379,0.6574,4
3404,0.15175,0.61995,4
3406,0.7213,0.5708,4
3415,0.8167,0.3361,4
3408,0.12055,0.3019,4
3410,0.65025,0.5991,4
3412,0.4654,0.41985,4
3411,0.48855,0.91125,4
3413,0.84865,0.41085,4
3421,0.97375,0.5415,4
3414,0.6189,0.3506,4
3416,0.31575,0.06475,4
3417,0.26325,0.76725,4
3420,0.3066,0.66895,4
3418,0.85465,0.61305,4
3419,0.65325,0.572,4
3426,0.8592,0.8661,4
3428,0.53985,0.97455,4
3423,0.7827,0.68475,4
3422,0.30975,0.185,4
3424,0.37215,0.0408,4
3431,0.27875,0.98345,4
3434,0.78035,0.31925,4
3435,0.8969,0.7398,4
3429,0.46315,0.39095,4
3425,0.9408,0.04085,4
3430,0.7752,0.67025,4
3427,0.9649,0.3035,4
3439,0.86375,0.15415,4
3433,0.4694,0.06105,4
3442,0.55255,0.2792,4
3432,0.8681,0.01775,4
3440,0.87455,0.9687,4
3443,0.8596,0.81375,4
3436,0.41675,0.9772,4
3437,0.4395,0.32545,4
3447,0.2324,0.8014,4
3449,0.2854,0.79995,4
3438,0.4327,0.8599,4
3444,0.62215,0.0336,4
3441,0.4603,0.897,4
3446,0.1395,0.1171,4
3445,0.064,0.12435,4
3448,0.7216,0.1799,4
3451,0.312,0.33735,4
3450,0.0575,0.5956,4
3458,0.74515,0.5957,4
3453,0.71675,0.8926,4
3452,0.16235,0.6359,4
3454,0.05385,0.1398,4
3455,0.33265,0.23995,4
3456,0.73495,0.13615,4
3463,0.41235,0.325,4
3457,0.206,0.0885,4
3461,0.46295,0.1501,4
3459,0.16635,0.7387,4
3460,0.7945,0.0546,4
3468,0.5628,0.7325,4
3464,0.4479,0.66415,4
3462,0.74405,0.64665,4
3472,0.42965,0.3934,4
3473,0.86255,0.4584,4
3474,0.17755,0.3422,4
3465,0.7204,0.30205,4
3466,0.09405,0.08295,4
3469,0.9483,0.82925,4
3467,0.4973,0.16575,4
3470,0.6546,0.33685,4
3471,0.7446,0.18,4
3476,0.1871,0.893,4
3479,0.21435,0.79615,4
3475,0.7878,0.5054,4
3483,0.0556,0.2543,4
3484,0.4419,0.12445,4
3486,0.4445,0.28705,4
3487,0.251,0.97055,4
3478,0.7133,0.54935,4
3481,0.82755,0.11605,4
3477,0.2298,0.1925,4
3489,0.2355,0.41745,4
3492,0.9117,0.17395,4
3493,0.22295,0.9812,4
3480,0.86765,0.7296,4
3494,0.9685,0.9765,4
3482,0.3451,0.2856,4
3497,0.0309,0.69725,4
3485,0.18865,0.9212,4
3490,0.02075,0.6551,4
3496,0.2596,0.43105,4
3499,0.80205,0.70495,4
3500,0.67665,0.97495,4
3488,0.6704,0.3753,4
3504,0.33585,0.8344,4
3505,0.16855,0.8591,4
3503,0.31905,0.8622,4
3491,0.43405,0.26,4
3506,0.2816,0.0905,4
3508,0.5792,0.2956,4
3495,0.1965,0.20955,4
3498,0.45715,0.842,4
3502,0.8847,0.23295,4
3501,0.9333,0.597,4
3513,0.7217,0.72755,4
3515,0.06725,0.7665,4
3509,0.7484,0.98565,4
3516,0.4487,0.6242,4
3517,0.6533,0.44055,4
3507,0.42935,0.04305,4
3510,0.39775,0.31855,4
3511,0.12005,0.3757,4
3518,0.1912,0.5961,4
3512,0.2916,0.38365,4
3524,0.2178,0.9447,4
3523,0.5219,0.63905,4
3520,0.8354,0.2234,4
3514,0.6014,0.95945,4
3519,0.11005,0.03725,4
3521,0.14115,0.2112,4
3522,0.53085,0.91075,4
3528,0.29865,0.6765,4
3532,0.3041,0.40725,4
3526,0.1597,0.6463,4
3527,0.13365,0.815,4
3525,0.28825,0.6693,4
3535,0.0599,0.8277,4
3537,0.99025,0.6095,4
3531,0.25915,0.45635,4
3529,0.03855,0.08235,4
3539,0.45985,0.08505,4
3541,0.6463,0.11275,4
3530,0.757,0.74425,4
3538,0.2655,0.9697,4
3534,0.039,0.40965,4
3533,0.6317,0.29565,4
3536,0.38785,0.55905,4
3545,0.5716,0.8796,4
3540,0.521,0.80305,4
3542,0.03455,0.525,4
3543,0.27805,0.02515,4
3550,0.12575,0.94685,4
3549,0.8201,0.0625,4
3544,0.28495,0.4721,4
3554,0.94115,0.496,4
3546,0.7381,0.59585,4
3547,0.2506,0.7936,4
3548,0.71535,0.12325,4
3552,0.28185,0.6133,4
3551,0.0499,0.58605,4
3559,0.58895,0.94295,4
3561,0.54805,0.02755,4
3553,0.5467,0.5994,4
3563,0.46925,0.14615,4
3555,0.9959,0.7007,4
3556,0.25045,0.42835,4
3557,0.5521,0.2645,4
3558,0.4321,0.5147,4
3565,0.15185,0.87745,4
3568,0.5908,0.5236,4
3569,0.6263,0.33975,4
3560,0.7416,0.91145,4
3570,0.0623,0.05625,4
3571,0.9636,0.4678,4
3564,0.009,0.06845,4
3572,0.0138,0.0339,4
3575,0.98425,0.50625,4
3576,0.5545,0.6358,4
3562,0.1116,0.4736,4
3566,0.69805,0.8876,4
3573,0.8196,0.80385,4
3567,0.0182,0.22945,4
3574,0.32815,0.90825,4
3582,0.5592,0.1991,4
3578,0.26915,0.3179,4
3577,0.38195,0.2955,4
3579,0.54495,0.9004,4
3580,0.4967,0.7456,4
3581,0.065,0.7718,4
3589,0.99385,0.6505,4
3590,0.73645,0.69155,4
3583,0.8863,0.1214,4
3591,0.38635,0.79155,4
3592,0.13155,0.6534,4
3593,0.1418,0.76565,4
3584,0.01545,0.59905,4
3585,0.4133,0.6234,4
3587,0.3484,0.1783,4
3586,0.94205,0.15875,4
3588,0.5387,0.68615,4
3597,0.16445,0.3631,4
3599,0.80195,0.5204,4
3602,0.83105,0.44155,4
3603,0.9232,0.3549,4
3604,0.77395,0.7744,4
3594,0.7117,0.4085,4
3595,0.05065,0.36565,4
3606,0.18875,0.38,4
3596,0.67945,0.34675,4
3601,0.4827,0.3507,4
3600,0.7807,0.79005,4
3598,0.6912,0.75605,4
3612,0.4166,0.76345,4
3609,0.7726,0.6988,4
3610,0.6867,0.55795,4
3615,0.82555,0.99225,4
3605,0.5892,0.67855,4
3608,0.48175,0.01705,4
3607,0.4208,0.3702,4
3611,0.7484,0.55655,4
3614,0.20135,0.21085,4
3618,0.0512,0.14475,4
3613,0.38385,0.53205,4
3616,0.05395,0.266,4
3617,0.03205,0.08485,4
3619,0.46655,0.39565,4
3625,0.3584,0.89535,4
3621,0.3928,0.8256,4
3620,0.9058,0.169,4
3622,0.76695,0.7678,4
3623,0.57745,0.7293,4
3629,0.5824,0.29455,4
3624,0.65625,0.4014,4
3630,0.2982,0.7333,4
3627,0.08675,0.9505,4
3626,0.3779,0.89735,4
3628,0.6446,0.43365,4
3634,0.73525,0.79365,4
3637,0.6759,0.61545,4
3633,0.3896,0.9812,4
3631,0.38,0.01195,4
3641,0.81925,0.7638,4
3632,0.5962,0.89015,4
3638,0.38275,0.7904,4
3635,0.9297,0.02695,4
3640,0.24575,0.3863,4
3639,0.7893,0.96325,4
3636,0.71805,0.5888,4
3644,0.8542,0.17515,4
3645,0.25035,0.43715,4
3647,0.1845,0.22695,4
3648,0.9466,0.98785,4
3646,0.92545,0.6362,4
3652,0.88715,0.3099,4
3654,0.57835,0.99285,4
3642,0.5014,0.30995,4
3656,0.9008,0.7468,4
3643,0.51315,0.98495,4
3653,0.32785,0.21415,4
3659,0.999,0.9213,4
3660,0.404,0.9423,4
3650,0.47895,0.8119,4
3649,0.97,0.42535,4
3651,0.34815,0.47075,4
3657,0.07755,0.183,4
3663,0.4937,0.05135,4
3665,0.27975,0.2378,4
3655,0.7775,0.36945,4
3667,0.42085,0.71225,4
3669,0.65045,0.8355,4
3658,0.7096,0.0381,4
3661,0.22205,0.88305,4
3671,0.9017,0.9163,4
3673,0.0189,0.8805,4
3674,0.92825,0.8529,4
3675,0.46355,0.94605,4
3664,0.8654,0.03855,4
3662,0.06395,0.846,4
3678,0.83415,0.03345,4
3666,0.27485,0.9968,4
3668,0.1922,0.86985,4
3679,0.93725,0.86275,4
3670,0.0329,0.02095,4
3672,0.7365,0.9514,4
3677,0.2456,0.6178,4
3685,0.93005,0.80895,4
3676,0.8624,0.2152,4
3687,0.3384,0.5817,4
3681,0.0843,0.18595,4
3680,0.9911,0.7889,4
3686,0.5253,0.92315,4
3688,0.12705,0.35595,4
3682,0.4352,0.38355,4
3683,0.20635,0.8124,4
3684,0.3042,0.38385,4
3695,0.90865,0.70435,4
3696,0.0604,0.56645,4
3691,0.5159,0.87255,4
3689,0.25445,0.7216,4
3692,0.5453,0.19325,4
3690,0.20205,0.79975,4
3698,0.0845,0.8534,4
3693,0.2486,0.29795,4
3694,0.4851,0.92,4
3703,0.6477,0.92115,4
3697,0.41705,0.99605,4
3699,0.01145,0.0794,4
3700,0.0133,0.2549,4
3701,0.6795,0.04215,4
3709,0.30065,0.05495,4
3702,0.69835,0.8272,4
3704,0.91065,0.875,4
3705,0.60475,0.07845,4
3712,0.1081,0.05015,4
3710,0.0521,0.03345,4
3714,0.25455,0.13845,4
3716,0.5745,0.68125,4
3706,0.33155,0.4147,4
3707,0.58755,0.98965,4
3708,0.7907,0.88145,4
3720,0.285,0.692,4
3715,0.07575,0.72285,4
3711,0.1091,0.41175,4
3718,0.5827,0.74785,4
3717,0.1718,0.38235,4
3713,0.1164,0.4922,4
3726,0.15605,0.9323,4
3719,0.2604,0.0517,4
3721,0.2563,0.7904,4
3722,0.48525,0.0097,4
3723,0.97925,0.5763,4
3724,0.01835,0.0878,4
3731,0.8934,0.1023,4
3725,0.0138,0.57825,4
3727,0.55125,0.5322,4
3728,0.70985,0.87095,4
3735,0.9486,0.46025,4
3729,0.1444,0.66645,4
3737,0.7223,0.8513,4
3734,0.53645,0.7479,4
3738,0.50895,0.94965,4
3740,0.01175,0.34375,4
3730,0.1998,0.7662,4
3742,0.9468,0.5243,4
3744,0.6542,0.5493,4
3732,0.7606,0.7396,4
3743,0.5713,0.4845,4
3733,0.1521,0.90835,4
3736,0.0027,0.044,4
3739,0.3661,0.32245,4
3741,0.37215,0.45755,4
3749,0.96855,0.24865,4
3745,0.9505,0.35475,4
3746,0.79845,0.1377,4
3748,0.45465,0.3507,4
3753,0.8663,0.209,4
3747,0.66455,0.9091,4
3755,0.6416,0.2052,4
3751,0.91715,0.9871,4
3752,0.8147,0.8309,4
3750,0.21695,0.25125,4
3758,0.2856,0.79935,4
3757,0.01415,0.24485,4
3756,0.76765,0.3699,4
3762,0.05305,0.4167,4
3764,0.39455,0.70905,4
3754,0.8474,0.88685,4
3767,0.78665,0.77635,4
3759,0.06695,0.5967,4
3760,0.10645,0.42495,4
3761,0.2284,0.0169,4
3763,0.7748,0.72245,4
3765,0.43985,0.86235,4
3766,0.1485,0.43395,4
3768,2e-04,0.052,4
3769,0.71065,0.8135,4
3775,0.4688,0.52525,4
3770,0.99435,0.2298,4
3772,0.1827,0.8682,4
3777,0.14375,0.27075,4
3774,0.5591,0.9338,4
3773,0.5456,0.6817,4
3771,0.26605,0.32435,4
3782,0.47275,0.14,4
3778,0.13255,0.87495,4
3776,0.1564,0.36215,4
3786,0.3319,0.9451,4
3785,0.8687,0.7712,4
3787,0.2618,0.94165,4
3781,0.79045,0.3873,4
3779,0.01735,0.3787,4
3783,0.35025,0.4184,4
3780,0.36165,0.05005,4
3784,0.3336,0.0155,4
3791,0.9555,0.24005,4
3793,0.8512,0.77265,4
3788,0.35715,0.49295,4
3796,0.9714,0.13,4
3789,0.1367,0.8841,4
3798,0.6888,0.35455,4
3790,0.9709,0.9673,4
3794,0.2555,0.41315,4
3800,0.00695,0.07175,4
3792,0.57135,0.371,4
3803,0.0784,0.2319,4
3795,0.3833,0.18135,4
3797,0.7109,0.479,4
3802,0.95485,0.8102,4
3799,0.947,0.70125,4
3801,0.07535,0.1069,4
3805,0.32175,0.16275,4
3804,0.2414,0.44675,4
3811,0.61535,0.9297,4
3812,0.6472,0.05375,4
3806,0.6545,0.6672,4
3813,0.8852,0.3827,4
3816,0.06745,0.32435,4
3807,0.74405,0.35795,4
3815,0.7177,0.3864,4
3809,0.65225,0.98735,4
3819,0.78935,0.43595,4
3808,0.8772,0.60955,4
3810,0.48815,0.944,4
3821,0.1856,0.5667,4
3814,0.7876,0.28285,4
3817,0.06955,0.0724,4
3818,0.0159,0.09335,4
3823,0.2704,0.76675,4
3820,0.43415,0.4742,4
3824,0.7127,0.22695,4
3822,0.6309,0.1648,4
3827,0.6689,0.6168,4
3825,0.9811,0.7819,4
3828,0.7213,0.86075,4
3834,0.57145,0.8649,4
3826,0.7375,0.1681,4
3835,0.9216,0.91485,4
3829,0.6389,0.81455,4
3831,0.09355,0.4732,4
3830,0.7187,0.0091,4
3836,0.0909,0.5197,4
3832,0.46225,0.68565,4
3842,0.9474,0.50045,4
3833,0.3393,0.8953,4
3840,0.60675,0.8767,4
3838,0.74545,0.9763,4
3844,0.6189,0.7125,4
3837,0.4598,0.58295,4
3848,0.76565,0.9286,4
3839,0.0418,0.85365,4
3850,0.86505,0.6065,4
3843,0.34635,0.92815,4
3841,0.917,0.9187,4
3845,0.7349,0.7134,4
3854,0.49405,0.65875,4
3855,0.70695,0.91075,4
3846,0.33825,0.5458,4
3847,0.01625,0.27305,4
3849,0.8844,0.69055,4
3852,0.8258,0.81415,4
3860,0.41885,0.32895,4
3851,0.02595,0.5596,4
3853,0.96435,0.5656,4
3862,0.1913,0.70915,4
3859,0.42815,0.81335,4
3863,0.40385,0.1397,4
3857,0.4053,0.43105,4
3856,0.359,0.828,4
3858,0.5159,0.75345,4
3861,0.64685,0.84145,4
3865,0.07635,0.5861,4
3864,0.25255,0.6456,4
3872,0.9952,0.9553,4
3866,0.3904,0.48935,4
3867,0.7698,0.31715,4
3869,0.8041,0.84895,4
3868,0.7619,0.8609,4
3871,0.8323,0.0916,4
3870,0.3397,0.5299,4
3873,0.09065,0.3233,4
3879,0.7413,0.0205,4
3880,0.1729,0.1979,4
3874,0.10685,0.8033,4
3875,0.56075,0.3149,4
3883,0.48105,0.109,4
3877,0.26435,0.02775,4
3876,0.632,0.30995,4
3878,0.38145,0.8575,4
3881,0.15805,0.61115,4
3889,0.37285,0.52775,4
3884,0.0029,0.00185,4
3882,0.1697,0.4831,4
3891,0.40335,0.46315,4
3892,0.6695,0.5892,4
3885,0.9114,0.66205,4
3894,0.1496,0.97645,4
3890,0.2555,0.178,4
3896,0.6472,0.4682,4
3887,0.69825,0.5363,4
3886,0.7925,0.3258,4
3899,0.70395,0.25335,4
3888,0.97325,0.2024,4
3902,0.94955,0.08545,4
3897,0.74445,0.6588,4
3893,0.1566,0.4945,4
3904,0.6589,0.61525,4
3895,0.6615,0.7622,4
3905,0.43115,0.3623,4
3906,0.01135,0.0362,4
3898,0.071,0.84955,4
3900,0.66395,0.6852,4
3901,0.63025,0.4581,4
3903,0.2867,0.52615,4
3907,0.88215,0.2143,4
3909,0.448,0.57685,4
3911,0.59925,0.85915,4
3908,0.81295,0.28015,4
3910,0.6955,0.9745,4
3918,0.4989,0.93655,4
3919,0.2336,0.9275,4
3920,0.29415,0.07995,4
3913,0.79635,0.388,4
3912,0.74395,0.8669,4
3923,0.21195,0.5144,4
3915,0.49365,0.9759,4
3921,0.9587,0.92415,4
3914,0.4202,0.8603,4
3917,0.7022,0.90645,4
3924,0.05845,0.18405,4
3916,0.4209,0.16035,4
3922,0.3611,0.5628,4
3930,0.5822,0.3894,4
3928,0.78735,0.92325,4
3925,0.5937,0.1056,4
3926,0.35665,0.2399,4
3934,0.133,0.83145,4
3927,0.92995,0.14605,4
3936,0.06375,0.45915,4
3929,0.7978,0.6852,4
3939,0.5315,0.1886,4
3938,0.51995,0.8801,4
3940,0.69245,0.75555,4
3931,0.01825,0.02785,4
3932,0.09955,0.26135,4
3933,0.8167,0.60595,4
3943,0.98485,0.16895,4
3935,0.59415,0.35775,4
3937,0.18705,0.1461,4
3941,0.35695,0.95395,4
3949,0.19375,0.5058,4
3945,0.98215,0.53885,4
3944,0.58715,0.4007,4
3942,0.7912,0.9166,4
3950,0.47345,0.97165,4
3952,0.4032,0.19325,4
3955,0.66185,0.0491,4
3956,0.3228,0.65545,4
3946,0.431,0.92265,4
3948,0.933,0.8534,4
3953,0.68705,0.1574,4
3947,0.38215,0.0423,4
3960,0.93905,0.6022,4
3961,0.8598,0.8124,4
3959,0.9569,0.0544,4
3954,0.41235,0.0156,4
3951,0.8288,0.58475,4
3958,0.68325,0.8783,4
3957,0.4278,0.6434,4
3968,0.9874,0.98035,4
3969,0.8756,0.90105,4
3962,0.97465,0.26155,4
3963,0.74775,0.04645,4
3972,0.2955,0.11055,4
3966,0.9663,0.0471,4
3964,0.67685,0.47215,4
3967,0.4597,0.11305,4
3965,0.27085,0.0574,4
3975,0.69305,0.5051,4
3971,0.74455,0.34305,4
3977,0.0821,0.56485,4
3980,0.59415,0.7757,4
3978,0.5196,0.24455,4
3970,0.40985,0.88085,4
3982,0.3541,0.59125,4
3979,0.1289,0.29085,4
3974,0.41825,0.3454,4
3976,0.7783,0.7204,4
3973,0.09115,0.03045,4
3987,0.95525,0.21995,4
3981,0.80115,0.37595,4
3990,0.58325,0.4893,4
3983,0.77785,0.2075,4
3984,0.7502,0.6617,4
3993,0.9074,0.54755,4
3985,0.85365,0.8246,4
3995,0.62565,0.5608,4
3986,0.34745,0.1365,4
3996,0.2693,0.7561,4
3988,0.7234,0.32635,4
3989,0.7806,0.93575,4
3998,0.61405,0.3333,4
3991,0.89745,0.97055,4
3992,0.83735,0.8768,4
3994,0.04915,0.7284,4
3997,0.1823,0.9199,4
3999,0.4783,0.6872,4
4000,0.6907,0.53685,4
1,0,0
2,0.0644,0.0919
3,0.731,0.5707
4,0.5679,0.9419
1,0,0
2,0.059,0.0912
3,0.7349,0.5905
1,0,0
2,0.06,0.0878
3,0.7376,0.5842
4,0.5614,0.9429
5,0.7672,0.7313
6,0.5014,0.6738
